#include "assets/petalburg_battle_background.h"

const u16 gPetalburgBattleBackgroundPixels[PETALBURG_BATTLE_BACKGROUND_PIXEL_COUNT] __attribute__((aligned(4)))=
{
    0x30E5,0x30E5,0x30E5,0x30E5,0x30E5,0x30E5,0x30E5,0x30E5,0x30E5,0x30E5,0x30E5,0x30E5,
    0x30E5,0x30E5,0x30E5,0x30E5,0x30E5,0x30E5,0x30E5,0x30E5,0x53BE,0x30E5,0x30E5,0x30E5,
    0x30E5,0x30E5,0x30E5,0x30E5,0x30E5,0x30E5,0x30E5,0x30E5,0x30E5,0x30E5,0x30E5,0x30E5,
    0x30E5,0x30E5,0x30E5,0x30E5,0x30E5,0x30E5,0x30E5,0x30E5,0x30E5,0x30E5,0x30E5,0x30E5,
    0x30E5,0x30E5,0x30E5,0x30E5,0x30E5,0x30E5,0x30E5,0x30E5,0x7BBC,0x5294,0x53BE,0x53BE,
    0x53BE,0x53BE,0x53BE,0x53BE,0x30E5,0x30E5,0x30E5,0x30E5,0x5294,0x30E5,0x53BE,0x53BE,
    0x30E5,0x30E5,0x30E5,0x30E5,0x30E5,0x30E5,0x30E5,0x30E5,0x53BE,0x30E5,0x30E5,0x30E5,
    0x30E5,0x30E5,0x30E5,0x30E5,0x30E5,0x30E5,0x30E5,0x30E5,0x30E5,0x30E5,0x30E5,0x30E5,
    0x30E5,0x30E5,0x30E5,0x30E5,0x30E5,0x30E5,0x30E5,0x30E5,0x30E5,0x30E5,0x30E5,0x30E5,
    0x30E5,0x30E5,0x30E5,0x30E5,0x30E5,0x30E5,0x30E5,0x30E5,0x30E5,0x30E5,0x30E5,0x30E5,
    0x30E5,0x30E5,0x30E5,0x30E5,0x30E5,0x30E5,0x30E5,0x30E5,0x30E5,0x30E5,0x30E5,0x30E5,
    0x30E5,0x30E5,0x30E5,0x30E5,0x30E5,0x30E5,0x30E5,0x30E5,0x30E5,0x30E5,0x30E5,0x0000,
    0x30E5,0x53BE,0x53BE,0x53BE,0x53BE,0x53BE,0x30E5,0x30E5,0x30E5,0x30E5,0x30E5,0x30E5,
    0x30E5,0x30E5,0x30E5,0x30E5,0x30E5,0x30E5,0x30E5,0x30E5,0x30E5,0x30E5,0x30E5,0x30E5,
    0x30E5,0x30E5,0x30E5,0x30E5,0x30E5,0x30E5,0x30E5,0x30E5,0x30E5,0x30E5,0x30E5,0x30E5,
    0x30E5,0x30E5,0x30E5,0x30E5,0x30E5,0x30E5,0x30E5,0x30E5,0x30E5,0x30E5,0x30E5,0x30E5,
    0x30E5,0x30E5,0x30E5,0x30E5,0x30E5,0x30E5,0x30E5,0x30E5,0x30E5,0x30E5,0x30E5,0x30E5,
    0x30E5,0x30E5,0x30E5,0x30E5,0x30E5,0x30E5,0x30E5,0x30E5,0x30E5,0x30E5,0x30E5,0x30E5,
    0x30E5,0x30E5,0x30E5,0x30E5,0x30E5,0x30E5,0x30E5,0x30E5,0x30E5,0x30E5,0x30E5,0x30E5,
    0x30E5,0x30E5,0x30E5,0x30E5,0x30E5,0x30E5,0x30E5,0x30E5,0x30E5,0x30E5,0x30E5,0x30E5,
    0x30E5,0x30E5,0x30E5,0x30E5,0x30E5,0x30E5,0x30E5,0x30E5,0x30E5,0x30E5,0x30E5,0x30E5,
    0x30E5,0x30E5,0x30E5,0x30E5,0x30E5,0x30E5,0x30E5,0x30E5,0x30E5,0x53BE,0x30E5,0x30E5,
    0x30E5,0x30E5,0x30E5,0x30E5,0x30E5,0x30E5,0x30E5,0x30E5,0x30E5,0x30E5,0x30E5,0x30E5,
    0x30E5,0x30E5,0x30E5,0x30E5,0x30E5,0x30E5,0x30E5,0x30E5,0x30E5,0x30E5,0x30E5,0x30E5,
    0x30E5,0x30E5,0x30E5,0x30E5,0x30E5,0x30E5,0x5294,0x5294,0x6318,0x6318,0x435C,0x53BE,
    0x53BE,0x53BE,0x53BE,0x435C,0x5294,0x3D8C,0x3D8C,0x3528,0x3D8C,0x4610,0x4318,0x435C,
    0x4318,0x5294,0x3D8C,0x3D27,0x30E5,0x30E5,0x5294,0x30E5,0x53BE,0x30E5,0x30E5,0x30E5,
    0x30E5,0x30E5,0x30E5,0x30E5,0x30E5,0x30E5,0x30E5,0x30E5,0x30E5,0x30E5,0x30E5,0x30E5,
    0x30E5,0x30E5,0x30E5,0x30E5,0x30E5,0x30E5,0x30E5,0x30E5,0x30E5,0x30E5,0x30E5,0x30E5,
    0x30E5,0x30E5,0x30E5,0x30E5,0x30E5,0x30E5,0x30E5,0x30E5,0x30E5,0x30E5,0x30E5,0x30E5,
    0x30E5,0x53BE,0x30E5,0x30E5,0x30E5,0x30E5,0x30E5,0x30E5,0x30E5,0x30E5,0x30E5,0x30E5,
    0x30E5,0x30E5,0x30E5,0x30E5,0x30E5,0x30E5,0x30E5,0x30E5,0x30E5,0x30E5,0x0000,0x30E5,
    0x53BE,0x53BE,0x53BE,0x30E5,0x53BE,0x30E5,0x30E5,0x30E5,0x30E5,0x30E5,0x30E5,0x30E5,
    0x30E5,0x30E5,0x30E5,0x30E5,0x30E5,0x30E5,0x30E5,0x30E5,0x30E5,0x30E5,0x30E5,0x30E5,
    0x30E5,0x30E5,0x30E5,0x30E5,0x30E5,0x30E5,0x30E5,0x30E5,0x30E5,0x30E5,0x30E5,0x30E5,
    0x30E5,0x30E5,0x30E5,0x30E5,0x30E5,0x30E5,0x30E5,0x30E5,0x30E5,0x30E5,0x30E5,0x30E5,
    0x30E5,0x30E5,0x30E5,0x30E5,0x30E5,0x30E5,0x30E5,0x30E5,0x30E5,0x30E5,0x30E5,0x30E5,
    0x30E5,0x30E5,0x30E5,0x30E5,0x30E5,0x30E5,0x30E5,0x30E5,0x30E5,0x30E5,0x30E5,0x30E5,
    0x30E5,0x30E5,0x30E5,0x30E5,0x30E5,0x30E5,0x30E5,0x30E5,0x30E5,0x30E5,0x30E5,0x30E5,
    0x30E5,0x30E5,0x30E5,0x30E5,0x30E5,0x30E5,0x30E5,0x30E5,0x30E5,0x30E5,0x30E5,0x30E5,
    0x30E5,0x30E5,0x30E5,0x30E5,0x30E5,0x30E5,0x30E5,0x30E5,0x30E5,0x30E5,0x30E5,0x30E5,
    0x30E5,0x30E5,0x30E5,0x30E5,0x30E5,0x30E5,0x30E5,0x30E5,0x30E5,0x53BE,0x53BE,0x30E5,
    0x30E5,0x30E5,0x30E5,0x30E5,0x30E5,0x30E5,0x30E5,0x30E5,0x30E5,0x30E5,0x30E5,0x30E5,
    0x30E5,0x30E5,0x30E5,0x30E5,0x30E5,0x30E5,0x30E5,0x30E5,0x30E5,0x30E5,0x30E5,0x30E5,
    0x30E5,0x30E5,0x30E5,0x30E5,0x30E5,0x30E5,0x5294,0x6318,0x6318,0x5294,0x5294,0x6F7B,
    0x53BE,0x53BE,0x53BE,0x53BE,0x435C,0x5294,0x4610,0x3D8C,0x4610,0x4610,0x6318,0x6F7B,
    0x53BE,0x435C,0x5294,0x4610,0x3D8C,0x3D8C,0x5294,0x5294,0x53BE,0x53BE,0x30E5,0x30E5,
    0x30E5,0x30E5,0x30E5,0x30E5,0x30E5,0x30E5,0x30E5,0x30E5,0x30E5,0x30E5,0x30E5,0x30E5,
    0x30E5,0x30E5,0x30E5,0x30E5,0x30E5,0x30E5,0x30E5,0x30E5,0x30E5,0x30E5,0x30E5,0x30E5,
    0x30E5,0x30E5,0x30E5,0x30E5,0x30E5,0x30E5,0x30E5,0x30E5,0x30E5,0x30E5,0x30E5,0x30E5,
    0x30E5,0x53BE,0x30E5,0x30E5,0x30E5,0x30E5,0x30E5,0x30E5,0x30E5,0x30E5,0x30E5,0x30E5,
    0x30E5,0x30E5,0x30E5,0x30E5,0x30E5,0x30E5,0x30E5,0x30E5,0x30E5,0x30E5,0x0000,0x30E5,
    0x53BE,0x53BE,0x53BE,0x53BE,0x53BE,0x30E5,0x30E5,0x30E5,0x30E5,0x30E5,0x30E5,0x30E5,
    0x30E5,0x30E5,0x30E5,0x30E5,0x30E5,0x30E5,0x30E5,0x30E5,0x30E5,0x30E5,0x30E5,0x30E5,
    0x30E5,0x30E5,0x30E5,0x30E5,0x30E5,0x30E5,0x30E5,0x30E5,0x30E5,0x30E5,0x30E5,0x30E5,
    0x30E5,0x30E5,0x30E5,0x30E5,0x30E5,0x30E5,0x30E5,0x30E5,0x30E5,0x30E5,0x30E5,0x30E5,
    0x30E5,0x30E5,0x30E5,0x30E5,0x30E5,0x30E5,0x30E5,0x30E5,0x30E5,0x30E5,0x30E5,0x30E5,
    0x30E5,0x30E5,0x30E5,0x30E5,0x30E5,0x30E5,0x30E5,0x30E5,0x30E5,0x30E5,0x30E5,0x30E5,
    0x30E5,0x30E5,0x30E5,0x30E5,0x30E5,0x30E5,0x30E5,0x30E5,0x30E5,0x30E5,0x30E5,0x30E5,
    0x30E5,0x30E5,0x30E5,0x30E5,0x30E5,0x30E5,0x30E5,0x30E5,0x30E5,0x30E5,0x30E5,0x30E5,
    0x30E5,0x30E5,0x30E5,0x30E5,0x30E5,0x30E5,0x30E5,0x30E5,0x30E5,0x30E5,0x30E5,0x30E5,
    0x30E5,0x30E5,0x30E5,0x30E5,0x30E5,0x30E5,0x30E5,0x0000,0x30E5,0x53BE,0x53BE,0x53BE,
    0x30E5,0x30E5,0x30E5,0x30E5,0x30E5,0x30E5,0x30E5,0x30E5,0x30E5,0x30E5,0x30E5,0x30E5,
    0x30E5,0x30E5,0x30E5,0x30E5,0x30E5,0x30E5,0x30E5,0x30E5,0x30E5,0x30E5,0x5294,0x30E5,
    0x5294,0x7BBC,0x7BBC,0x7BBC,0x7BBC,0x72D4,0x6318,0x6318,0x5294,0x5294,0x5294,0x6318,
    0x6F7B,0x53BE,0x53BE,0x53BE,0x53BE,0x435C,0x4318,0x4610,0x5294,0x5294,0x6318,0x6318,
    0x6F7B,0x53BE,0x435C,0x4318,0x5294,0x4610,0x4610,0x5294,0x53BE,0x53BE,0x30E5,0x30E5,
    0x30E5,0x30E5,0x30E5,0x30E5,0x30E5,0x30E5,0x30E5,0x30E5,0x30E5,0x30E5,0x30E5,0x30E5,
    0x30E5,0x30E5,0x30E5,0x30E5,0x30E5,0x30E5,0x30E5,0x30E5,0x30E5,0x30E5,0x30E5,0x30E5,
    0x30E5,0x30E5,0x30E5,0x30E5,0x30E5,0x30E5,0x30E5,0x30E5,0x30E5,0x30E5,0x30E5,0x30E5,
    0x30E5,0x53BE,0x53BE,0x30E5,0x30E5,0x30E5,0x30E5,0x30E5,0x30E5,0x30E5,0x30E5,0x30E5,
    0x30E5,0x30E5,0x30E5,0x30E5,0x30E5,0x30E5,0x30E5,0x30E5,0x30E5,0x0000,0x20C8,0x53BE,
    0x53BE,0x53BE,0x53BE,0x53BE,0x53BE,0x30E5,0x30E5,0x30E5,0x30E5,0x30E5,0x30E5,0x30E5,
    0x30E5,0x30E5,0x30E5,0x30E5,0x30E5,0x30E5,0x30E5,0x30E5,0x30E5,0x30E5,0x30E5,0x30E5,
    0x30E5,0x30E5,0x30E5,0x30E5,0x30E5,0x30E5,0x30E5,0x30E5,0x30E5,0x30E5,0x30E5,0x30E5,
    0x30E5,0x30E5,0x30E5,0x30E5,0x30E5,0x30E5,0x30E5,0x30E5,0x30E5,0x30E5,0x30E5,0x30E5,
    0x30E5,0x30E5,0x30E5,0x30E5,0x30E5,0x53BE,0x5294,0x53BE,0x53BE,0x53BE,0x53BE,0x53BE,
    0x53BE,0x30E5,0x30E5,0x30E5,0x30E5,0x5294,0x30E5,0x53BE,0x53BE,0x30E5,0x30E5,0x30E5,
    0x30E5,0x30E5,0x30E5,0x30E5,0x30E5,0x53BE,0x30E5,0x30E5,0x30E5,0x30E5,0x30E5,0x30E5,
    0x30E5,0x30E5,0x30E5,0x30E5,0x30E5,0x30E5,0x30E5,0x30E5,0x30E5,0x30E5,0x30E5,0x30E5,
    0x30E5,0x30E5,0x30E5,0x30E5,0x30E5,0x30E5,0x30E5,0x30E5,0x30E5,0x30E5,0x30E5,0x30E5,
    0x30E5,0x30E5,0x30E5,0x30E5,0x30E5,0x30E5,0x0000,0x30E5,0x53BE,0x53BE,0x53BE,0x0000,
    0x0000,0x30E5,0x30E5,0x30E5,0x30E5,0x30E5,0x30E5,0x30E5,0x30E5,0x30E5,0x30E5,0x30E5,
    0x30E5,0x30E5,0x30E5,0x30E5,0x30E5,0x30E5,0x30E5,0x30E5,0x30E5,0x30E5,0x5294,0x5294,
    0x5294,0x7BBC,0x7BBC,0x7BBC,0x7BBC,0x6F7B,0x6318,0x6318,0x5294,0x5294,0x5294,0x6318,
    0x435C,0x6F7B,0x53BE,0x53BE,0x53BE,0x6F7B,0x435C,0x6318,0x5294,0x5294,0x5294,0x6318,
    0x6F7B,0x53BE,0x53BE,0x53BE,0x435C,0x4318,0x5294,0x4318,0x53BE,0x53BE,0x30E5,0x30E5,
    0x30E5,0x30E5,0x30E5,0x30E5,0x30E5,0x30E5,0x30E5,0x30E5,0x30E5,0x30E5,0x30E5,0x30E5,
    0x30E5,0x30E5,0x30E5,0x30E5,0x30E5,0x30E5,0x30E5,0x30E5,0x30E5,0x30E5,0x30E5,0x30E5,
    0x30E5,0x30E5,0x30E5,0x5294,0x53BE,0x5294,0x53BE,0x53BE,0x53BE,0x5294,0x5294,0x5294,
    0x53BE,0x0000,0x53BE,0x5294,0x5294,0x53BE,0x30E5,0x30E5,0x30E5,0x30E5,0x30E5,0x30E5,
    0x30E5,0x30E5,0x30E5,0x30E5,0x30E5,0x30E5,0x30E5,0x30E5,0x0000,0x20C8,0x20C8,0x53BE,
    0x53BE,0x53BE,0x53BE,0x53BE,0x53BE,0x0000,0x30E5,0x30E5,0x30E5,0x30E5,0x30E5,0x30E5,
    0x30E5,0x30E5,0x30E5,0x30E5,0x30E5,0x30E5,0x30E5,0x30E5,0x30E5,0x30E5,0x30E5,0x30E5,
    0x30E5,0x30E5,0x30E5,0x30E5,0x30E5,0x30E5,0x30E5,0x30E5,0x30E5,0x30E5,0x30E5,0x30E5,
    0x30E5,0x30E5,0x30E5,0x30E5,0x30E5,0x30E5,0x30E5,0x30E5,0x30E5,0x30E5,0x30E5,0x30E5,
    0x30E5,0x30E5,0x30E5,0x5294,0x53BE,0x5294,0x5294,0x53BE,0x53BE,0x53BE,0x53BE,0x53BE,
    0x435C,0x5294,0x3D8C,0x3D8C,0x3528,0x3D8C,0x5294,0x53BE,0x53BE,0x53BE,0x53BE,0x30E5,
    0x30E5,0x30E5,0x30E5,0x5294,0x30E5,0x53BE,0x30E5,0x30E5,0x30E5,0x30E5,0x30E5,0x30E5,
    0x30E5,0x30E5,0x30E5,0x30E5,0x30E5,0x30E5,0x30E5,0x30E5,0x30E5,0x30E5,0x30E5,0x30E5,
    0x30E5,0x30E5,0x30E5,0x30E5,0x30E5,0x30E5,0x30E5,0x30E5,0x30E5,0x30E5,0x30E5,0x30E5,
    0x30E5,0x30E5,0x30E5,0x30E5,0x30E5,0x0000,0x30E5,0x30E5,0x20C8,0x53BE,0x53BE,0x53BE,
    0x53BE,0x53BE,0x53BE,0x30E5,0x30E5,0x30E5,0x30E5,0x30E5,0x30E5,0x30E5,0x30E5,0x30E5,
    0x30E5,0x30E5,0x5294,0x5294,0x5294,0x5294,0x5294,0x7BBC,0x30E5,0x30E5,0x30E5,0x5294,
    0x5294,0x5294,0x7BBC,0x7BBC,0x7BBC,0x6F7B,0x6318,0x5294,0x5294,0x5294,0x5294,0x5294,
    0x6318,0x435C,0x53BE,0x53BE,0x53BE,0x6F7B,0x435C,0x6318,0x5294,0x5294,0x6318,0x6318,
    0x6F7B,0x53BE,0x53BE,0x53BE,0x53BE,0x435C,0x4318,0x4318,0x53BE,0x53BE,0x53BE,0x30E5,
    0x30E5,0x30E5,0x30E5,0x30E5,0x30E5,0x30E5,0x30E5,0x30E5,0x30E5,0x30E5,0x30E5,0x30E5,
    0x30E5,0x30E5,0x30E5,0x30E5,0x30E5,0x30E5,0x30E5,0x30E5,0x30E5,0x5294,0x5294,0x5294,
    0x5294,0x5294,0x53BE,0x53BE,0x53BE,0x53BE,0x53BE,0x53BE,0x53BE,0x53BE,0x53BE,0x53BE,
    0x53BE,0x0000,0x53BE,0x53BE,0x53BE,0x53BE,0x30E5,0x30E5,0x30E5,0x30E5,0x30E5,0x30E5,
    0x30E5,0x30E5,0x30E5,0x30E5,0x30E5,0x30E5,0x30E5,0x0000,0x20C8,0x20C8,0x20C8,0x53BE,
    0x53BE,0x53BE,0x53BE,0x53BE,0x53BE,0x0000,0x30E5,0x30E5,0x30E5,0x30E5,0x30E5,0x30E5,
    0x30E5,0x30E5,0x30E5,0x30E5,0x30E5,0x30E5,0x30E5,0x30E5,0x30E5,0x30E5,0x30E5,0x30E5,
    0x30E5,0x30E5,0x30E5,0x30E5,0x30E5,0x30E5,0x30E5,0x30E5,0x30E5,0x30E5,0x30E5,0x30E5,
    0x30E5,0x30E5,0x30E5,0x30E5,0x30E5,0x30E5,0x30E5,0x30E5,0x30E5,0x30E5,0x30E5,0x30E5,
    0x30E5,0x30E5,0x30E5,0x5294,0x53BE,0x53BE,0x5294,0x5294,0x53BE,0x53BE,0x53BE,0x53BE,
    0x53BE,0x435C,0x5294,0x4610,0x3D8C,0x4610,0x4610,0x6318,0x6F7B,0x53BE,0x53BE,0x53BE,
    0x30E5,0x30E5,0x30E5,0x5294,0x5294,0x53BE,0x53BE,0x30E5,0x30E5,0x30E5,0x30E5,0x30E5,
    0x30E5,0x30E5,0x30E5,0x30E5,0x30E5,0x30E5,0x30E5,0x30E5,0x30E5,0x30E5,0x30E5,0x30E5,
    0x30E5,0x30E5,0x30E5,0x30E5,0x30E5,0x30E5,0x30E5,0x30E5,0x30E5,0x30E5,0x30E5,0x30E5,
    0x30E5,0x30E5,0x30E5,0x30E5,0x30E5,0x30E5,0x30E5,0x20C8,0x30E5,0x53BE,0x53BE,0x53BE,
    0x53BE,0x53BE,0x53BE,0x0000,0x30E5,0x30E5,0x30E5,0x30E5,0x30E5,0x30E5,0x30E5,0x30E5,
    0x30E5,0x30E5,0x30E5,0x30E5,0x5294,0x5294,0x5294,0x5294,0x5294,0x5294,0x5294,0x5294,
    0x5294,0x5294,0x7BBC,0x7BBC,0x6F7B,0x6318,0x6318,0x5294,0x5294,0x5294,0x5294,0x5294,
    0x5294,0x6318,0x6F7B,0x53BE,0x53BE,0x53BE,0x6F7B,0x6318,0x5294,0x5294,0x6318,0x6F7B,
    0x53BE,0x53BE,0x53BE,0x53BE,0x53BE,0x53BE,0x6F7B,0x6F7B,0x53BE,0x53BE,0x53BE,0x30E5,
    0x30E5,0x30E5,0x30E5,0x30E5,0x30E5,0x30E5,0x30E5,0x30E5,0x30E5,0x30E5,0x30E5,0x30E5,
    0x30E5,0x30E5,0x30E5,0x30E5,0x30E5,0x30E5,0x30E5,0x30E5,0x30E5,0x30E5,0x30E5,0x30E5,
    0x30E5,0x30E5,0x30E5,0x30E5,0x30E5,0x30E5,0x30E5,0x30E5,0x30E5,0x30E5,0x30E5,0x30E5,
    0x30E5,0x0000,0x53BE,0x53BE,0x30E5,0x30E5,0x30E5,0x30E5,0x30E5,0x30E5,0x30E5,0x30E5,
    0x30E5,0x30E5,0x30E5,0x30E5,0x30E5,0x30E5,0x30E5,0x0000,0x20C8,0x20C8,0x20C8,0x53BE,
    0x53BE,0x53BE,0x53BE,0x53BE,0x53BE,0x0000,0x30E5,0x30E5,0x30E5,0x30E5,0x30E5,0x30E5,
    0x30E5,0x30E5,0x30E5,0x30E5,0x30E5,0x30E5,0x30E5,0x30E5,0x30E5,0x30E5,0x30E5,0x30E5,
    0x30E5,0x30E5,0x30E5,0x30E5,0x30E5,0x30E5,0x30E5,0x30E5,0x30E5,0x30E5,0x30E5,0x30E5,
    0x30E5,0x30E5,0x30E5,0x30E5,0x30E5,0x30E5,0x30E5,0x5294,0x30E5,0x5294,0x53BE,0x53BE,
    0x53BE,0x53BE,0x53BE,0x5294,0x5294,0x53BE,0x30E5,0x5294,0x6318,0x6F7B,0x53BE,0x53BE,
    0x53BE,0x53BE,0x435C,0x4318,0x4610,0x5294,0x5294,0x6318,0x6318,0x6F7B,0x53BE,0x53BE,
    0x53BE,0x53BE,0x30E5,0x5294,0x5294,0x53BE,0x53BE,0x30E5,0x30E5,0x30E5,0x30E5,0x30E5,
    0x30E5,0x30E5,0x30E5,0x30E5,0x30E5,0x30E5,0x30E5,0x30E5,0x30E5,0x30E5,0x30E5,0x30E5,
    0x30E5,0x30E5,0x30E5,0x30E5,0x30E5,0x30E5,0x30E5,0x30E5,0x30E5,0x30E5,0x30E5,0x30E5,
    0x30E5,0x30E5,0x30E5,0x30E5,0x30E5,0x30E5,0x30E5,0x20C8,0x53BE,0x20C8,0x53BE,0x53BE,
    0x53BE,0x53BE,0x53BE,0x53BE,0x0000,0x30E5,0x30E5,0x30E5,0x30E5,0x30E5,0x30E5,0x30E5,
    0x30E5,0x30E5,0x30E5,0x30E5,0x5294,0x5294,0x5294,0x5294,0x5294,0x5294,0x5294,0x5294,
    0x5294,0x5294,0x6318,0x6318,0x6318,0x6318,0x5294,0x5294,0x5294,0x5294,0x5294,0x5294,
    0x5294,0x5294,0x6318,0x6F7B,0x53BE,0x53BE,0x6F7B,0x6318,0x5294,0x6318,0x435C,0x53BE,
    0x53BE,0x53BE,0x53BE,0x53BE,0x53BE,0x53BE,0x53BE,0x53BE,0x53BE,0x53BE,0x30E5,0x30E5,
    0x30E5,0x30E5,0x30E5,0x30E5,0x30E5,0x30E5,0x30E5,0x30E5,0x30E5,0x30E5,0x30E5,0x30E5,
    0x53BE,0x30E5,0x30E5,0x30E5,0x30E5,0x30E5,0x30E5,0x30E5,0x30E5,0x30E5,0x30E5,0x30E5,
    0x30E5,0x30E5,0x30E5,0x30E5,0x30E5,0x30E5,0x30E5,0x30E5,0x30E5,0x30E5,0x30E5,0x30E5,
    0x30E5,0x0000,0x53BE,0x53BE,0x30E5,0x30E5,0x30E5,0x30E5,0x30E5,0x30E5,0x30E5,0x30E5,
    0x30E5,0x30E5,0x30E5,0x30E5,0x30E5,0x30E5,0x0000,0x20C8,0x20C8,0x20C8,0x20C8,0x53BE,
    0x53BE,0x53BE,0x53BE,0x53BE,0x53BE,0x0000,0x30E5,0x30E5,0x30E5,0x30E5,0x30E5,0x30E5,
    0x30E5,0x30E5,0x30E5,0x30E5,0x30E5,0x30E5,0x30E5,0x30E5,0x30E5,0x30E5,0x30E5,0x30E5,
    0x0000,0x30E5,0x30E5,0x30E5,0x30E5,0x30E5,0x30E5,0x30E5,0x30E5,0x30E5,0x30E5,0x30E5,
    0x30E5,0x30E5,0x30E5,0x30E5,0x30E5,0x30E5,0x30E5,0x5294,0x5294,0x5294,0x53BE,0x53BE,
    0x53BE,0x53BE,0x53BE,0x53BE,0x5294,0x5294,0x5294,0x5294,0x6318,0x435C,0x6F7B,0x53BE,
    0x53BE,0x53BE,0x6F7B,0x435C,0x6318,0x5294,0x5294,0x5294,0x6318,0x6F7B,0x53BE,0x53BE,
    0x53BE,0x53BE,0x53BE,0x30E5,0x5294,0x53BE,0x53BE,0x30E5,0x30E5,0x30E5,0x30E5,0x30E5,
    0x30E5,0x30E5,0x30E5,0x30E5,0x30E5,0x30E5,0x30E5,0x30E5,0x30E5,0x30E5,0x30E5,0x30E5,
    0x30E5,0x30E5,0x30E5,0x30E5,0x30E5,0x30E5,0x30E5,0x30E5,0x30E5,0x30E5,0x30E5,0x30E5,
    0x30E5,0x30E5,0x30E5,0x30E5,0x30E5,0x30E5,0x20C8,0x53BE,0x53BE,0x53BE,0x20C8,0x53BE,
    0x53BE,0x53BE,0x53BE,0x53BE,0x53BE,0x53BE,0x30E5,0x30E5,0x30E5,0x30E5,0x30E5,0x30E5,
    0x30E5,0x30E5,0x30E5,0x30E5,0x5294,0x5294,0x5294,0x5294,0x5294,0x5294,0x5294,0x5294,
    0x5294,0x5294,0x5294,0x6318,0x6318,0x5294,0x5294,0x5294,0x5294,0x5294,0x6318,0x5294,
    0x5294,0x5294,0x6318,0x435C,0x53BE,0x53BE,0x53BE,0x435C,0x6318,0x6318,0x6F7B,0x53BE,
    0x53BE,0x53BE,0x53BE,0x53BE,0x53BE,0x53BE,0x53BE,0x53BE,0x53BE,0x53BE,0x30E5,0x30E5,
    0x30E5,0x30E5,0x30E5,0x30E5,0x30E5,0x30E5,0x30E5,0x30E5,0x30E5,0x30E5,0x30E5,0x30E5,
    0x53BE,0x30E5,0x30E5,0x30E5,0x30E5,0x30E5,0x30E5,0x30E5,0x30E5,0x30E5,0x30E5,0x30E5,
    0x30E5,0x30E5,0x30E5,0x30E5,0x30E5,0x30E5,0x30E5,0x30E5,0x30E5,0x30E5,0x30E5,0x30E5,
    0x30E5,0x53BE,0x53BE,0x53BE,0x53BE,0x30E5,0x30E5,0x30E5,0x30E5,0x30E5,0x30E5,0x30E5,
    0x30E5,0x30E5,0x30E5,0x30E5,0x30E5,0x30E5,0x0000,0x20C8,0x20C8,0x20C8,0x20C8,0x53BE,
    0x53BE,0x53BE,0x53BE,0x53BE,0x53BE,0x0000,0x30E5,0x30E5,0x30E5,0x30E5,0x30E5,0x30E5,
    0x30E5,0x30E5,0x30E5,0x30E5,0x30E5,0x30E5,0x30E5,0x30E5,0x30E5,0x30E5,0x30E5,0x53BE,
    0x0000,0x30E5,0x30E5,0x30E5,0x30E5,0x30E5,0x30E5,0x30E5,0x30E5,0x30E5,0x30E5,0x5294,
    0x5294,0x5294,0x5294,0x5294,0x53BE,0x30E5,0x30E5,0x30E5,0x5294,0x5294,0x5294,0x53BE,
    0x53BE,0x53BE,0x53BE,0x5294,0x5294,0x5294,0x5294,0x5294,0x5294,0x6318,0x435C,0x53BE,
    0x53BE,0x53BE,0x6F7B,0x435C,0x6318,0x5294,0x5294,0x6318,0x6318,0x6F7B,0x53BE,0x53BE,
    0x53BE,0x53BE,0x53BE,0x53BE,0x5294,0x53BE,0x53BE,0x53BE,0x30E5,0x30E5,0x30E5,0x30E5,
    0x30E5,0x30E5,0x30E5,0x30E5,0x30E5,0x30E5,0x30E5,0x30E5,0x30E5,0x30E5,0x30E5,0x30E5,
    0x30E5,0x30E5,0x30E5,0x30E5,0x30E5,0x30E5,0x30E5,0x30E5,0x30E5,0x30E5,0x30E5,0x30E5,
    0x30E5,0x0000,0x0000,0x0000,0x30E5,0x20C8,0x20C8,0x20C8,0x20C8,0x20C8,0x53BE,0x53BE,
    0x53BE,0x53BE,0x53BE,0x53BE,0x53BE,0x53BE,0x53BE,0x30E5,0x30E5,0x30E5,0x30E5,0x30E5,
    0x30E5,0x30E5,0x30E5,0x30E5,0x30E5,0x5294,0x5294,0x5294,0x5294,0x5294,0x5294,0x5294,
    0x5294,0x5294,0x5294,0x5294,0x5294,0x5294,0x5294,0x5294,0x5294,0x5294,0x6318,0x5294,
    0x6318,0x5294,0x6318,0x6318,0x6F7B,0x53BE,0x53BE,0x6F7B,0x435C,0x435C,0x53BE,0x53BE,
    0x53BE,0x53BE,0x53BE,0x53BE,0x53BE,0x53BE,0x53BE,0x53BE,0x53BE,0x53BE,0x53BE,0x53BE,
    0x30E5,0x30E5,0x30E5,0x30E5,0x30E5,0x30E5,0x30E5,0x30E5,0x30E5,0x30E5,0x30E5,0x0000,
    0x53BE,0x53BE,0x30E5,0x30E5,0x30E5,0x30E5,0x30E5,0x30E5,0x30E5,0x30E5,0x30E5,0x30E5,
    0x30E5,0x30E5,0x30E5,0x30E5,0x30E5,0x30E5,0x30E5,0x30E5,0x30E5,0x30E5,0x30E5,0x30E5,
    0x0000,0x20C8,0x53BE,0x53BE,0x53BE,0x53BE,0x30E5,0x30E5,0x30E5,0x30E5,0x30E5,0x30E5,
    0x30E5,0x30E5,0x30E5,0x30E5,0x30E5,0x0000,0x20C8,0x20C8,0x20C8,0x20C8,0x20C8,0x53BE,
    0x53BE,0x53BE,0x53BE,0x53BE,0x53BE,0x0000,0x30E5,0x30E5,0x30E5,0x30E5,0x30E5,0x30E5,
    0x30E5,0x30E5,0x30E5,0x30E5,0x30E5,0x30E5,0x30E5,0x30E5,0x30E5,0x30E5,0x30E5,0x53BE,
    0x0000,0x30E5,0x30E5,0x30E5,0x30E5,0x30E5,0x30E5,0x30E5,0x30E5,0x30E5,0x30E5,0x30E5,
    0x30E5,0x5294,0x5294,0x5294,0x5294,0x5294,0x5294,0x5294,0x5294,0x5294,0x5294,0x53BE,
    0x53BE,0x53BE,0x53BE,0x5294,0x5294,0x5294,0x5294,0x5294,0x5294,0x5294,0x6318,0x6F7B,
    0x53BE,0x53BE,0x53BE,0x6F7B,0x6318,0x5294,0x5294,0x6318,0x6F7B,0x53BE,0x53BE,0x53BE,
    0x53BE,0x53BE,0x53BE,0x53BE,0x5294,0x53BE,0x53BE,0x53BE,0x30E5,0x30E5,0x30E5,0x30E5,
    0x30E5,0x30E5,0x30E5,0x30E5,0x30E5,0x30E5,0x30E5,0x30E5,0x30E5,0x30E5,0x30E5,0x30E5,
    0x30E5,0x30E5,0x30E5,0x30E5,0x30E5,0x30E5,0x30E5,0x30E5,0x30E5,0x0000,0x53BE,0x0000,
    0x0000,0x53BE,0x53BE,0x53BE,0x53BE,0x53BE,0x20C8,0x20C8,0x20C8,0x20C8,0x53BE,0x20C8,
    0x53BE,0x53BE,0x53BE,0x53BE,0x53BE,0x53BE,0x53BE,0x30E5,0x30E5,0x30E5,0x30E5,0x30E5,
    0x30E5,0x30E5,0x30E5,0x30E5,0x30E5,0x30E5,0x30E5,0x30E5,0x3D8C,0x4610,0x5294,0x5294,
    0x5294,0x5294,0x5294,0x6318,0x6318,0x6318,0x6318,0x6318,0x6318,0x6318,0x6318,0x6318,
    0x6318,0x6318,0x6318,0x435C,0x6F7B,0x53BE,0x53BE,0x6F7B,0x6F7B,0x6F7B,0x53BE,0x53BE,
    0x53BE,0x53BE,0x53BE,0x53BE,0x53BE,0x53BE,0x53BE,0x53BE,0x53BE,0x53BE,0x53BE,0x30E5,
    0x7BBC,0x30E5,0x30E5,0x30E5,0x30E5,0x30E5,0x30E5,0x30E5,0x30E5,0x30E5,0x30E5,0x53BE,
    0x53BE,0x53BE,0x30E5,0x30E5,0x30E5,0x30E5,0x30E5,0x30E5,0x30E5,0x30E5,0x30E5,0x30E5,
    0x30E5,0x30E5,0x30E5,0x30E5,0x30E5,0x30E5,0x30E5,0x30E5,0x30E5,0x30E5,0x30E5,0x30E5,
    0x0000,0x20C8,0x20C8,0x53BE,0x53BE,0x53BE,0x53BE,0x30E5,0x30E5,0x30E5,0x30E5,0x30E5,
    0x30E5,0x30E5,0x30E5,0x30E5,0x30E5,0x0000,0x20C8,0x20C8,0x20C8,0x20C8,0x20C8,0x20C8,
    0x53BE,0x53BE,0x53BE,0x53BE,0x53BE,0x30E5,0x30E5,0x30E5,0x30E5,0x30E5,0x30E5,0x30E5,
    0x30E5,0x30E5,0x30E5,0x30E5,0x30E5,0x30E5,0x30E5,0x30E5,0x30E5,0x30E5,0x30E5,0x53BE,
    0x0000,0x30E5,0x30E5,0x30E5,0x30E5,0x30E5,0x30E5,0x30E5,0x30E5,0x30E5,0x30E5,0x30E5,
    0x30E5,0x5294,0x5294,0x5294,0x5294,0x5294,0x5294,0x5294,0x5294,0x5294,0x5294,0x5294,
    0x53BE,0x5294,0x5294,0x5294,0x5294,0x5294,0x5294,0x5294,0x5294,0x5294,0x5294,0x6318,
    0x6F7B,0x53BE,0x53BE,0x6F7B,0x6318,0x5294,0x6318,0x435C,0x53BE,0x53BE,0x53BE,0x53BE,
    0x53BE,0x53BE,0x53BE,0x53BE,0x53BE,0x53BE,0x53BE,0x30E5,0x30E5,0x30E5,0x30E5,0x30E5,
    0x30E5,0x30E5,0x30E5,0x30E5,0x30E5,0x30E5,0x30E5,0x30E5,0x30E5,0x30E5,0x30E5,0x30E5,
    0x30E5,0x30E5,0x30E5,0x30E5,0x30E5,0x30E5,0x30E5,0x0000,0x0000,0x20C8,0x20C8,0x53BE,
    0x53BE,0x53BE,0x53BE,0x53BE,0x53BE,0x53BE,0x20C8,0x20C8,0x20C8,0x20C8,0x20C8,0x53BE,
    0x53BE,0x53BE,0x53BE,0x53BE,0x53BE,0x53BE,0x53BE,0x30E5,0x30E5,0x30E5,0x30E5,0x30E5,
    0x30E5,0x30E5,0x30E5,0x30E5,0x30E5,0x30E5,0x30E5,0x3D8C,0x3D8C,0x4610,0x5294,0x5294,
    0x5294,0x5294,0x5294,0x6318,0x6318,0x435C,0x6F7B,0x435C,0x435C,0x435C,0x6F7B,0x6F7B,
    0x6F7B,0x6F7B,0x6F7B,0x6F7B,0x53BE,0x53BE,0x53BE,0x6F7B,0x6F7B,0x6F7B,0x53BE,0x53BE,
    0x53BE,0x53BE,0x53BE,0x53BE,0x53BE,0x53BE,0x53BE,0x53BE,0x53BE,0x53BE,0x53BE,0x53BE,
    0x30E5,0x30E5,0x30E5,0x30E5,0x30E5,0x30E5,0x30E5,0x30E5,0x30E5,0x30E5,0x0000,0x53BE,
    0x30E5,0x53BE,0x30E5,0x30E5,0x30E5,0x30E5,0x30E5,0x30E5,0x30E5,0x30E5,0x30E5,0x30E5,
    0x30E5,0x30E5,0x30E5,0x30E5,0x30E5,0x30E5,0x30E5,0x30E5,0x30E5,0x30E5,0x30E5,0x30E5,
    0x0000,0x20C8,0x20C8,0x53BE,0x53BE,0x53BE,0x53BE,0x30E5,0x30E5,0x30E5,0x30E5,0x30E5,
    0x30E5,0x30E5,0x30E5,0x30E5,0x30E5,0x0000,0x20C8,0x20C8,0x20C8,0x20C8,0x20C8,0x20C8,
    0x53BE,0x53BE,0x53BE,0x53BE,0x53BE,0x30E5,0x30E5,0x30E5,0x30E5,0x30E5,0x30E5,0x30E5,
    0x30E5,0x30E5,0x30E5,0x30E5,0x30E5,0x30E5,0x30E5,0x30E5,0x30E5,0x30E5,0x30E5,0x53BE,
    0x0000,0x30E5,0x30E5,0x30E5,0x30E5,0x30E5,0x30E5,0x30E5,0x30E5,0x30E5,0x30E5,0x30E5,
    0x30E5,0x5294,0x5294,0x5294,0x5294,0x5294,0x5294,0x5294,0x5294,0x5294,0x5294,0x5294,
    0x5294,0x5294,0x5294,0x5294,0x5294,0x5294,0x5294,0x6318,0x5294,0x5294,0x5294,0x6318,
    0x435C,0x53BE,0x53BE,0x53BE,0x435C,0x6318,0x6318,0x6F7B,0x53BE,0x53BE,0x53BE,0x53BE,
    0x53BE,0x53BE,0x53BE,0x53BE,0x53BE,0x53BE,0x53BE,0x30E5,0x30E5,0x30E5,0x30E5,0x30E5,
    0x30E5,0x30E5,0x30E5,0x30E5,0x30E5,0x30E5,0x30E5,0x30E5,0x30E5,0x30E5,0x30E5,0x30E5,
    0x30E5,0x30E5,0x30E5,0x30E5,0x30E5,0x30E5,0x0000,0x20C8,0x20C8,0x20C8,0x20C8,0x20C8,
    0x53BE,0x53BE,0x53BE,0x53BE,0x53BE,0x20C8,0x20C8,0x30E5,0x20C8,0x20C8,0x20C8,0x53BE,
    0x53BE,0x53BE,0x53BE,0x53BE,0x53BE,0x53BE,0x53BE,0x30E5,0x30E5,0x30E5,0x30E5,0x30E5,
    0x30E5,0x30E5,0x30E5,0x30E5,0x30E5,0x30E5,0x30E5,0x3D8C,0x4610,0x4610,0x5294,0x6318,
    0x6318,0x6318,0x6318,0x435C,0x6F7B,0x53BE,0x53BE,0x53BE,0x53BE,0x53BE,0x53BE,0x53BE,
    0x53BE,0x53BE,0x53BE,0x53BE,0x53BE,0x53BE,0x53BE,0x53BE,0x53BE,0x53BE,0x53BE,0x53BE,
    0x53BE,0x53BE,0x53BE,0x53BE,0x53BE,0x53BE,0x53BE,0x53BE,0x53BE,0x53BE,0x53BE,0x30E5,
    0x30E5,0x30E5,0x30E5,0x30E5,0x30E5,0x30E5,0x30E5,0x30E5,0x30E5,0x30E5,0x0000,0x53BE,
    0x53BE,0x53BE,0x53BE,0x30E5,0x30E5,0x30E5,0x30E5,0x53BE,0x30E5,0x30E5,0x30E5,0x30E5,
    0x30E5,0x30E5,0x30E5,0x30E5,0x30E5,0x30E5,0x30E5,0x30E5,0x30E5,0x30E5,0x30E5,0x30E5,
    0x0000,0x20C8,0x20C8,0x53BE,0x53BE,0x53BE,0x53BE,0x30E5,0x30E5,0x30E5,0x30E5,0x30E5,
    0x30E5,0x30E5,0x30E5,0x30E5,0x30E5,0x0000,0x20C8,0x20C8,0x20C8,0x20C8,0x20C8,0x20C8,
    0x20C8,0x53BE,0x53BE,0x53BE,0x53BE,0x30E5,0x30E5,0x30E5,0x30E5,0x30E5,0x30E5,0x30E5,
    0x30E5,0x30E5,0x30E5,0x30E5,0x30E5,0x30E5,0x30E5,0x30E5,0x30E5,0x30E5,0x30E5,0x53BE,
    0x53BE,0x30E5,0x30E5,0x30E5,0x30E5,0x30E5,0x30E5,0x30E5,0x30E5,0x30E5,0x30E5,0x30E5,
    0x30E5,0x30E5,0x5294,0x5294,0x5294,0x5294,0x5294,0x5294,0x5294,0x5294,0x5294,0x5294,
    0x5294,0x53BE,0x5294,0x5294,0x5294,0x5294,0x5294,0x6318,0x5294,0x6318,0x5294,0x6318,
    0x6318,0x6F7B,0x53BE,0x53BE,0x6F7B,0x435C,0x435C,0x53BE,0x53BE,0x53BE,0x53BE,0x53BE,
    0x53BE,0x53BE,0x53BE,0x53BE,0x53BE,0x53BE,0x53BE,0x53BE,0x53BE,0x30E5,0x30E5,0x30E5,
    0x30E5,0x30E5,0x30E5,0x30E5,0x30E5,0x30E5,0x30E5,0x30E5,0x30E5,0x30E5,0x30E5,0x30E5,
    0x30E5,0x30E5,0x30E5,0x30E5,0x30E5,0x0000,0x30E5,0x20C8,0x20C8,0x20C8,0x20C8,0x20C8,
    0x20C8,0x53BE,0x53BE,0x53BE,0x53BE,0x20C8,0x20C8,0x20C8,0x20C8,0x20C8,0x20C8,0x20C8,
    0x53BE,0x53BE,0x53BE,0x53BE,0x53BE,0x53BE,0x53BE,0x53BE,0x30E5,0x30E5,0x30E5,0x30E5,
    0x30E5,0x30E5,0x30E5,0x5294,0x5294,0x5294,0x5294,0x5294,0x6318,0x6318,0x6318,0x6318,
    0x435C,0x6F7B,0x6F7B,0x6F7B,0x6F7B,0x6F7B,0x53BE,0x53BE,0x53BE,0x53BE,0x53BE,0x53BE,
    0x53BE,0x53BE,0x53BE,0x53BE,0x53BE,0x53BE,0x53BE,0x53BE,0x53BE,0x53BE,0x53BE,0x53BE,
    0x53BE,0x53BE,0x53BE,0x53BE,0x53BE,0x53BE,0x53BE,0x53BE,0x53BE,0x53BE,0x30E5,0x30E5,
    0x30E5,0x30E5,0x30E5,0x30E5,0x30E5,0x30E5,0x30E5,0x30E5,0x30E5,0x30E5,0x0000,0x53BE,
    0x53BE,0x53BE,0x53BE,0x30E5,0x30E5,0x30E5,0x0000,0x53BE,0x53BE,0x30E5,0x30E5,0x30E5,
    0x30E5,0x30E5,0x30E5,0x30E5,0x30E5,0x30E5,0x30E5,0x30E5,0x30E5,0x30E5,0x30E5,0x30E5,
    0x0000,0x20C8,0x20C8,0x53BE,0x30E5,0x53BE,0x53BE,0x53BE,0x30E5,0x30E5,0x30E5,0x30E5,
    0x30E5,0x30E5,0x30E5,0x30E5,0x30E5,0x0000,0x20C8,0x20C8,0x20C8,0x20C8,0x20C8,0x20C8,
    0x20C8,0x20C8,0x53BE,0x53BE,0x53BE,0x53BE,0x30E5,0x30E5,0x30E5,0x30E5,0x30E5,0x30E5,
    0x30E5,0x30E5,0x30E5,0x30E5,0x30E5,0x30E5,0x30E5,0x30E5,0x30E5,0x30E5,0x0000,0x20C8,
    0x53BE,0x30E5,0x30E5,0x30E5,0x30E5,0x30E5,0x30E5,0x30E5,0x30E5,0x30E5,0x30E5,0x30E5,
    0x30E5,0x30E5,0x30E5,0x30E5,0x30E5,0x5294,0x5294,0x5294,0x5294,0x5294,0x5294,0x5294,
    0x5294,0x5294,0x5294,0x5294,0x6318,0x6318,0x6318,0x6318,0x6318,0x6318,0x6318,0x6318,
    0x435C,0x6F7B,0x53BE,0x53BE,0x6F7B,0x6F7B,0x6F7B,0x53BE,0x53BE,0x53BE,0x53BE,0x53BE,
    0x53BE,0x53BE,0x53BE,0x53BE,0x53BE,0x53BE,0x53BE,0x53BE,0x53BE,0x53BE,0x30E5,0x30E5,
    0x30E5,0x30E5,0x30E5,0x30E5,0x30E5,0x30E5,0x30E5,0x30E5,0x30E5,0x30E5,0x30E5,0x30E5,
    0x30E5,0x30E5,0x30E5,0x30E5,0x30E5,0x0000,0x20C8,0x20C8,0x20C8,0x20C8,0x20C8,0x20C8,
    0x20C8,0x20C8,0x20C8,0x53BE,0x53BE,0x20C8,0x20C8,0x30E5,0x20C8,0x20C8,0x20C8,0x20C8,
    0x53BE,0x53BE,0x53BE,0x53BE,0x53BE,0x53BE,0x53BE,0x53BE,0x30E5,0x30E5,0x30E5,0x30E5,
    0x30E5,0x5294,0x5294,0x5294,0x5294,0x5294,0x5294,0x5294,0x6318,0x5294,0x4318,0x4318,
    0x6F7B,0x53BE,0x53BE,0x53BE,0x6F7B,0x6F7B,0x6F7B,0x53BE,0x53BE,0x53BE,0x53BE,0x6F7B,
    0x6F7B,0x6F7B,0x53BE,0x53BE,0x53BE,0x53BE,0x53BE,0x53BE,0x53BE,0x53BE,0x53BE,0x53BE,
    0x53BE,0x53BE,0x53BE,0x53BE,0x53BE,0x53BE,0x53BE,0x53BE,0x53BE,0x30E5,0x30E5,0x30E5,
    0x30E5,0x30E5,0x30E5,0x30E5,0x30E5,0x30E5,0x30E5,0x30E5,0x30E5,0x30E5,0x0000,0x53BE,
    0x53BE,0x53BE,0x53BE,0x30E5,0x30E5,0x30E5,0x53BE,0x53BE,0x53BE,0x30E5,0x30E5,0x30E5,
    0x30E5,0x30E5,0x30E5,0x30E5,0x30E5,0x30E5,0x30E5,0x30E5,0x30E5,0x30E5,0x30E5,0x30E5,
    0x0000,0x20C8,0x20C8,0x20C8,0x53BE,0x53BE,0x30E5,0x53BE,0x30E5,0x30E5,0x30E5,0x30E5,
    0x30E5,0x30E5,0x30E5,0x30E5,0x30E5,0x0000,0x20C8,0x20C8,0x20C8,0x20C8,0x20C8,0x20C8,
    0x20C8,0x20C8,0x53BE,0x53BE,0x53BE,0x53BE,0x30E5,0x30E5,0x30E5,0x30E5,0x30E5,0x30E5,
    0x30E5,0x30E5,0x30E5,0x30E5,0x30E5,0x30E5,0x30E5,0x30E5,0x30E5,0x30E5,0x0000,0x20C8,
    0x53BE,0x53BE,0x30E5,0x30E5,0x30E5,0x30E5,0x30E5,0x30E5,0x30E5,0x30E5,0x30E5,0x30E5,
    0x30E5,0x30E5,0x30E5,0x30E5,0x30E5,0x30E5,0x30E5,0x53BE,0x5294,0x5294,0x5294,0x5294,
    0x53BE,0x53BE,0x53BE,0x53BE,0x435C,0x435C,0x435C,0x6F7B,0x6F7B,0x6F7B,0x6F7B,0x6F7B,
    0x6F7B,0x53BE,0x53BE,0x53BE,0x6F7B,0x6F7B,0x6F7B,0x53BE,0x53BE,0x53BE,0x53BE,0x53BE,
    0x53BE,0x53BE,0x53BE,0x53BE,0x53BE,0x53BE,0x53BE,0x53BE,0x53BE,0x30E5,0x30E5,0x30E5,
    0x30E5,0x30E5,0x30E5,0x30E5,0x30E5,0x30E5,0x30E5,0x30E5,0x30E5,0x30E5,0x30E5,0x30E5,
    0x30E5,0x30E5,0x30E5,0x30E5,0x30E5,0x20C8,0x20C8,0x20C8,0x20C8,0x20C8,0x20C8,0x20C8,
    0x20C8,0x20C8,0x20C8,0x20C8,0x53BE,0x20C8,0x20C8,0x20C8,0x30E5,0x20C8,0x20C8,0x20C8,
    0x53BE,0x53BE,0x53BE,0x53BE,0x53BE,0x53BE,0x53BE,0x53BE,0x0000,0x0000,0x30E5,0x30E5,
    0x30E5,0x5294,0x5294,0x5294,0x5294,0x5294,0x5294,0x5294,0x4610,0x4610,0x5294,0x4318,
    0x6F7B,0x53BE,0x53BE,0x435C,0x6318,0x5294,0x6318,0x435C,0x6F7B,0x6F7B,0x435C,0x6318,
    0x6318,0x6318,0x53BE,0x53BE,0x53BE,0x53BE,0x53BE,0x53BE,0x53BE,0x53BE,0x53BE,0x53BE,
    0x53BE,0x53BE,0x53BE,0x53BE,0x53BE,0x53BE,0x53BE,0x30E5,0x30E5,0x30E5,0x30E5,0x30E5,
    0x30E5,0x30E5,0x30E5,0x30E5,0x30E5,0x30E5,0x30E5,0x30E5,0x30E5,0x30E5,0x0000,0x20C8,
    0x53BE,0x53BE,0x53BE,0x53BE,0x30E5,0x30E5,0x0000,0x53BE,0x53BE,0x53BE,0x30E5,0x30E5,
    0x30E5,0x30E5,0x30E5,0x30E5,0x30E5,0x30E5,0x30E5,0x30E5,0x30E5,0x30E5,0x30E5,0x30E5,
    0x0000,0x20C8,0x20C8,0x20C8,0x20C8,0x20C8,0x53BE,0x53BE,0x53BE,0x30E5,0x53BE,0x30E5,
    0x30E5,0x30E5,0x30E5,0x30E5,0x30E5,0x0000,0x20C8,0x20C8,0x20C8,0x20C8,0x20C8,0x20C8,
    0x20C8,0x20C8,0x20C8,0x53BE,0x53BE,0x53BE,0x53BE,0x30E5,0x30E5,0x30E5,0x30E5,0x30E5,
    0x30E5,0x30E5,0x30E5,0x30E5,0x30E5,0x30E5,0x30E5,0x30E5,0x30E5,0x0000,0x20C8,0x20C8,
    0x53BE,0x53BE,0x53BE,0x53BE,0x53BE,0x30E5,0x30E5,0x30E5,0x30E5,0x30E5,0x30E5,0x30E5,
    0x30E5,0x30E5,0x30E5,0x30E5,0x5294,0x5294,0x5294,0x5294,0x5294,0x5294,0x5294,0x5294,
    0x5294,0x5294,0x53BE,0x53BE,0x53BE,0x53BE,0x53BE,0x53BE,0x53BE,0x53BE,0x53BE,0x53BE,
    0x53BE,0x53BE,0x53BE,0x53BE,0x53BE,0x53BE,0x53BE,0x53BE,0x53BE,0x53BE,0x53BE,0x53BE,
    0x53BE,0x53BE,0x53BE,0x53BE,0x53BE,0x53BE,0x53BE,0x53BE,0x53BE,0x53BE,0x30E5,0x30E5,
    0x30E5,0x30E5,0x30E5,0x30E5,0x30E5,0x30E5,0x30E5,0x30E5,0x30E5,0x30E5,0x30E5,0x30E5,
    0x30E5,0x30E5,0x30E5,0x30E5,0x20C8,0x0000,0x20C8,0x20C8,0x20C8,0x20C8,0x20C8,0x20C8,
    0x20C8,0x20C8,0x20C8,0x20C8,0x20C8,0x20C8,0x20C8,0x20C8,0x20C8,0x20C8,0x20C8,0x20C8,
    0x53BE,0x53BE,0x53BE,0x53BE,0x53BE,0x53BE,0x53BE,0x53BE,0x53BE,0x53BE,0x53BE,0x53BE,
    0x0000,0x0000,0x30E5,0x30E5,0x30E5,0x30E5,0x30E5,0x30E5,0x30E5,0x3D8C,0x4610,0x5294,
    0x6318,0x435C,0x6F7B,0x5294,0x4610,0x4610,0x4610,0x4610,0x5294,0x5294,0x5294,0x5294,
    0x5294,0x5294,0x5294,0x5294,0x5294,0x5294,0x5294,0x5294,0x5294,0x5294,0x5294,0x5294,
    0x30E5,0x53BE,0x30E5,0x30E5,0x30E5,0x30E5,0x30E5,0x30E5,0x30E5,0x30E5,0x30E5,0x30E5,
    0x30E5,0x30E5,0x30E5,0x30E5,0x30E5,0x30E5,0x30E5,0x30E5,0x30E5,0x0000,0x20C8,0x20C8,
    0x53BE,0x20C8,0x53BE,0x53BE,0x30E5,0x0000,0x53BE,0x53BE,0x53BE,0x53BE,0x53BE,0x30E5,
    0x30E5,0x30E5,0x30E5,0x30E5,0x30E5,0x30E5,0x30E5,0x30E5,0x30E5,0x30E5,0x30E5,0x30E5,
    0x0000,0x20C8,0x20C8,0x20C8,0x20C8,0x20C8,0x20C8,0x20C8,0x53BE,0x53BE,0x53BE,0x53BE,
    0x30E5,0x30E5,0x30E5,0x30E5,0x30E5,0x0000,0x20C8,0x20C8,0x20C8,0x20C8,0x20C8,0x20C8,
    0x20C8,0x20C8,0x20C8,0x53BE,0x53BE,0x0000,0x53BE,0x30E5,0x30E5,0x30E5,0x30E5,0x30E5,
    0x30E5,0x30E5,0x30E5,0x30E5,0x30E5,0x30E5,0x30E5,0x30E5,0x0000,0x20C8,0x20C8,0x20C8,
    0x20C8,0x53BE,0x20C8,0x53BE,0x53BE,0x53BE,0x0000,0x0000,0x30E5,0x30E5,0x30E5,0x30E5,
    0x5294,0x5294,0x5294,0x5294,0x5294,0x5294,0x5294,0x5294,0x5294,0x53BE,0x53BE,0x53BE,
    0x53BE,0x53BE,0x53BE,0x53BE,0x53BE,0x53BE,0x53BE,0x53BE,0x53BE,0x53BE,0x53BE,0x53BE,
    0x53BE,0x53BE,0x53BE,0x53BE,0x53BE,0x53BE,0x53BE,0x53BE,0x53BE,0x53BE,0x53BE,0x53BE,
    0x53BE,0x53BE,0x53BE,0x53BE,0x53BE,0x53BE,0x53BE,0x53BE,0x53BE,0x53BE,0x30E5,0x30E5,
    0x30E5,0x30E5,0x30E5,0x30E5,0x30E5,0x30E5,0x30E5,0x30E5,0x30E5,0x30E5,0x30E5,0x30E5,
    0x30E5,0x30E5,0x30E5,0x30E5,0x30E5,0x20C8,0x0000,0x20C8,0x20C8,0x20C8,0x20C8,0x20C8,
    0x20C8,0x20C8,0x20C8,0x20C8,0x20C8,0x0000,0x20C8,0x20C8,0x20C8,0x20C8,0x20C8,0x20C8,
    0x53BE,0x53BE,0x53BE,0x53BE,0x53BE,0x53BE,0x53BE,0x53BE,0x53BE,0x53BE,0x53BE,0x53BE,
    0x53BE,0x53BE,0x0000,0x53BE,0x30E5,0x30E5,0x30E5,0x30E5,0x30E5,0x30E5,0x30E5,0x5294,
    0x5294,0x5294,0x5294,0x5294,0x30E5,0x30E5,0x30E5,0x30E5,0x30E5,0x5294,0x5294,0x5294,
    0x5294,0x53BE,0x53BE,0x53BE,0x53BE,0x30E5,0x30E5,0x30E5,0x30E5,0x30E5,0x30E5,0x30E5,
    0x30E5,0x30E5,0x30E5,0x30E5,0x5294,0x53BE,0x5294,0x53BE,0x53BE,0x53BE,0x53BE,0x5294,
    0x5294,0x5294,0x53BE,0x53BE,0x30E5,0x5294,0x5294,0x53BE,0x30E5,0x0000,0x20C8,0x20C8,
    0x20C8,0x20C8,0x20C8,0x53BE,0x53BE,0x53BE,0x20C8,0x53BE,0x53BE,0x53BE,0x53BE,0x53BE,
    0x30E5,0x30E5,0x30E5,0x30E5,0x30E5,0x30E5,0x30E5,0x30E5,0x30E5,0x30E5,0x30E5,0x30E5,
    0x0000,0x20C8,0x20C8,0x20C8,0x20C8,0x20C8,0x20C8,0x20C8,0x53BE,0x53BE,0x53BE,0x53BE,
    0x53BE,0x30E5,0x30E5,0x30E5,0x30E5,0x0000,0x20C8,0x20C8,0x20C8,0x20C8,0x20C8,0x20C8,
    0x20C8,0x20C8,0x20C8,0x53BE,0x20C8,0x53BE,0x53BE,0x53BE,0x30E5,0x30E5,0x30E5,0x30E5,
    0x30E5,0x30E5,0x30E5,0x30E5,0x30E5,0x30E5,0x30E5,0x30E5,0x0000,0x20C8,0x20C8,0x20C8,
    0x20C8,0x53BE,0x20C8,0x53BE,0x53BE,0x53BE,0x53BE,0x53BE,0x53BE,0x0000,0x5294,0x5294,
    0x5294,0x5294,0x5294,0x5294,0x5294,0x53BE,0x53BE,0x53BE,0x53BE,0x53BE,0x53BE,0x53BE,
    0x53BE,0x53BE,0x5294,0x53BE,0x53BE,0x53BE,0x53BE,0x53BE,0x6F7B,0x6F7B,0x6F7B,0x53BE,
    0x53BE,0x53BE,0x53BE,0x53BE,0x53BE,0x53BE,0x53BE,0x53BE,0x53BE,0x53BE,0x53BE,0x53BE,
    0x53BE,0x53BE,0x53BE,0x53BE,0x53BE,0x53BE,0x0000,0x20C8,0x53BE,0x53BE,0x30E5,0x30E5,
    0x30E5,0x30E5,0x30E5,0x30E5,0x30E5,0x30E5,0x30E5,0x30E5,0x30E5,0x30E5,0x30E5,0x30E5,
    0x30E5,0x30E5,0x30E5,0x30E5,0x30E5,0x30E5,0x30E5,0x0000,0x20C8,0x20C8,0x20C8,0x20C8,
    0x20C8,0x20C8,0x20C8,0x20C8,0x20C8,0x0000,0x20C8,0x20C8,0x20C8,0x20C8,0x20C8,0x20C8,
    0x20C8,0x53BE,0x53BE,0x53BE,0x53BE,0x53BE,0x53BE,0x53BE,0x53BE,0x53BE,0x53BE,0x53BE,
    0x53BE,0x53BE,0x53BE,0x53BE,0x0000,0x30E5,0x30E5,0x30E5,0x30E5,0x30E5,0x30E5,0x30E5,
    0x30E5,0x30E5,0x30E5,0x30E5,0x30E5,0x30E5,0x30E5,0x30E5,0x30E5,0x30E5,0x0000,0x20C8,
    0x20C8,0x20C8,0x53BE,0x53BE,0x53BE,0x53BE,0x30E5,0x30E5,0x5294,0x5294,0x5294,0x5294,
    0x5294,0x5294,0x53BE,0x5294,0x5294,0x5294,0x5294,0x5294,0x5294,0x53BE,0x53BE,0x5294,
    0x5294,0x53BE,0x53BE,0x53BE,0x53BE,0x53BE,0x53BE,0x53BE,0x30E5,0x0000,0x20C8,0x20C8,
    0x20C8,0x20C8,0x20C8,0x20C8,0x53BE,0x0000,0x20C8,0x53BE,0x53BE,0x53BE,0x53BE,0x53BE,
    0x30E5,0x30E5,0x30E5,0x30E5,0x30E5,0x30E5,0x30E5,0x30E5,0x30E5,0x30E5,0x30E5,0x30E5,
    0x0000,0x20C8,0x20C8,0x20C8,0x20C8,0x20C8,0x20C8,0x20C8,0x20C8,0x53BE,0x53BE,0x53BE,
    0x53BE,0x53BE,0x30E5,0x30E5,0x30E5,0x0000,0x20C8,0x20C8,0x20C8,0x20C8,0x20C8,0x20C8,
    0x20C8,0x20C8,0x20C8,0x20C8,0x20C8,0x20C8,0x53BE,0x53BE,0x30E5,0x30E5,0x30E5,0x30E5,
    0x30E5,0x30E5,0x30E5,0x30E5,0x30E5,0x30E5,0x30E5,0x0000,0x20C8,0x20C8,0x20C8,0x20C8,
    0x20C8,0x20C8,0x20C8,0x20C8,0x20C8,0x53BE,0x53BE,0x53BE,0x53BE,0x53BE,0x5294,0x5294,
    0x5294,0x5294,0x5294,0x5294,0x5294,0x5294,0x5294,0x30E5,0x53BE,0x5294,0x53BE,0x53BE,
    0x53BE,0x5294,0x53BE,0x5294,0x53BE,0x53BE,0x53BE,0x53BE,0x5294,0x5294,0x5294,0x53BE,
    0x53BE,0x53BE,0x53BE,0x53BE,0x53BE,0x53BE,0x53BE,0x53BE,0x53BE,0x53BE,0x53BE,0x53BE,
    0x53BE,0x53BE,0x53BE,0x53BE,0x30E5,0x30E5,0x0000,0x20C8,0x53BE,0x53BE,0x30E5,0x30E5,
    0x30E5,0x30E5,0x30E5,0x30E5,0x30E5,0x30E5,0x30E5,0x30E5,0x30E5,0x30E5,0x30E5,0x30E5,
    0x0000,0x0000,0x0000,0x30E5,0x30E5,0x30E5,0x30E5,0x0000,0x20C8,0x20C8,0x20C8,0x20C8,
    0x20C8,0x20C8,0x20C8,0x20C8,0x20C8,0x20C8,0x20C8,0x20C8,0x20C8,0x20C8,0x20C8,0x20C8,
    0x20C8,0x20C8,0x53BE,0x53BE,0x53BE,0x53BE,0x53BE,0x53BE,0x53BE,0x53BE,0x53BE,0x53BE,
    0x53BE,0x53BE,0x53BE,0x53BE,0x53BE,0x0000,0x0000,0x30E5,0x30E5,0x30E5,0x30E5,0x30E5,
    0x30E5,0x30E5,0x30E5,0x30E5,0x30E5,0x30E5,0x30E5,0x30E5,0x30E5,0x0000,0x20C8,0x20C8,
    0x20C8,0x20C8,0x20C8,0x53BE,0x53BE,0x53BE,0x30E5,0x30E5,0x30E5,0x30E5,0x5294,0x5294,
    0x5294,0x5294,0x5294,0x53BE,0x53BE,0x53BE,0x53BE,0x53BE,0x53BE,0x53BE,0x53BE,0x53BE,
    0x53BE,0x53BE,0x53BE,0x53BE,0x53BE,0x53BE,0x53BE,0x53BE,0x30E5,0x0000,0x20C8,0x20C8,
    0x20C8,0x20C8,0x20C8,0x20C8,0x20C8,0x20C8,0x20C8,0x20C8,0x53BE,0x53BE,0x53BE,0x53BE,
    0x53BE,0x30E5,0x30E5,0x30E5,0x30E5,0x30E5,0x30E5,0x30E5,0x30E5,0x30E5,0x30E5,0x30E5,
    0x0000,0x20C8,0x20C8,0x20C8,0x20C8,0x20C8,0x20C8,0x20C8,0x20C8,0x20C8,0x53BE,0x53BE,
    0x53BE,0x53BE,0x30E5,0x30E5,0x30E5,0x0000,0x20C8,0x20C8,0x20C8,0x20C8,0x20C8,0x20C8,
    0x20C8,0x20C8,0x20C8,0x20C8,0x20C8,0x20C8,0x20C8,0x53BE,0x53BE,0x30E5,0x30E5,0x30E5,
    0x30E5,0x30E5,0x30E5,0x30E5,0x30E5,0x30E5,0x30E5,0x0000,0x20C8,0x20C8,0x20C8,0x20C8,
    0x20C8,0x20C8,0x20C8,0x20C8,0x20C8,0x20C8,0x20C8,0x20C8,0x53BE,0x53BE,0x53BE,0x0000,
    0x30E5,0x30E5,0x30E5,0x0000,0x53BE,0x53BE,0x0000,0x5294,0x5294,0x53BE,0x53BE,0x53BE,
    0x53BE,0x30E5,0x5294,0x5294,0x5294,0x5294,0x5294,0x5294,0x5294,0x5294,0x5294,0x5294,
    0x5294,0x5294,0x5294,0x5294,0x5294,0x5294,0x5294,0x5294,0x5294,0x20C8,0x53BE,0x53BE,
    0x53BE,0x53BE,0x30E5,0x30E5,0x30E5,0x0000,0x20C8,0x20C8,0x20C8,0x53BE,0x53BE,0x30E5,
    0x30E5,0x30E5,0x30E5,0x30E5,0x30E5,0x30E5,0x30E5,0x30E5,0x30E5,0x30E5,0x30E5,0x30E5,
    0x20C8,0x20C8,0x20C8,0x0000,0x0000,0x0000,0x0000,0x20C8,0x20C8,0x20C8,0x20C8,0x20C8,
    0x20C8,0x20C8,0x20C8,0x20C8,0x20C8,0x20C8,0x20C8,0x20C8,0x20C8,0x20C8,0x20C8,0x20C8,
    0x20C8,0x20C8,0x20C8,0x20C8,0x53BE,0x53BE,0x53BE,0x53BE,0x53BE,0x53BE,0x53BE,0x53BE,
    0x53BE,0x53BE,0x53BE,0x53BE,0x53BE,0x53BE,0x53BE,0x0000,0x30E5,0x30E5,0x30E5,0x30E5,
    0x30E5,0x30E5,0x30E5,0x30E5,0x30E5,0x30E5,0x30E5,0x30E5,0x30E5,0x0000,0x20C8,0x20C8,
    0x20C8,0x20C8,0x20C8,0x53BE,0x53BE,0x53BE,0x53BE,0x30E5,0x30E5,0x30E5,0x30E5,0x30E5,
    0x5294,0x53BE,0x53BE,0x5294,0x5294,0x5294,0x5294,0x5294,0x5294,0x5294,0x5294,0x5294,
    0x5294,0x5294,0x30E5,0x30E5,0x30E5,0x30E5,0x30E5,0x30E5,0x30E5,0x0000,0x20C8,0x20C8,
    0x20C8,0x20C8,0x20C8,0x20C8,0x20C8,0x20C8,0x20C8,0x20C8,0x53BE,0x20C8,0x53BE,0x53BE,
    0x53BE,0x53BE,0x30E5,0x30E5,0x30E5,0x30E5,0x30E5,0x30E5,0x30E5,0x30E5,0x30E5,0x30E5,
    0x0000,0x20C8,0x20C8,0x20C8,0x20C8,0x20C8,0x20C8,0x20C8,0x20C8,0x20C8,0x20C8,0x20C8,
    0x53BE,0x53BE,0x53BE,0x30E5,0x30E5,0x0000,0x20C8,0x20C8,0x20C8,0x20C8,0x20C8,0x20C8,
    0x20C8,0x20C8,0x20C8,0x20C8,0x20C8,0x20C8,0x20C8,0x20C8,0x53BE,0x30E5,0x30E5,0x30E5,
    0x30E5,0x0000,0x30E5,0x30E5,0x30E5,0x30E5,0x0000,0x20C8,0x20C8,0x20C8,0x20C8,0x20C8,
    0x20C8,0x20C8,0x20C8,0x20C8,0x20C8,0x20C8,0x20C8,0x20C8,0x20C8,0x20C8,0x53BE,0x53BE,
    0x30E5,0x30E5,0x53BE,0x53BE,0x53BE,0x53BE,0x0000,0x30E5,0x5294,0x5294,0x5294,0x5294,
    0x5294,0x30E5,0x30E5,0x30E5,0x30E5,0x30E5,0x5294,0x5294,0x5294,0x5294,0x5294,0x20C8,
    0x20C8,0x20C8,0x20C8,0x20C8,0x20C8,0x20C8,0x20C8,0x20C8,0x20C8,0x20C8,0x20C8,0x53BE,
    0x53BE,0x53BE,0x30E5,0x30E5,0x0000,0x20C8,0x20C8,0x20C8,0x20C8,0x53BE,0x53BE,0x30E5,
    0x30E5,0x30E5,0x30E5,0x30E5,0x30E5,0x30E5,0x30E5,0x30E5,0x30E5,0x30E5,0x30E5,0x30E5,
    0x20C8,0x20C8,0x20C8,0x20C8,0x20C8,0x20C8,0x20C8,0x20C8,0x20C8,0x53BE,0x53BE,0x53BE,
    0x53BE,0x53BE,0x53BE,0x20C8,0x20C8,0x20C8,0x20C8,0x20C8,0x20C8,0x20C8,0x20C8,0x20C8,
    0x20C8,0x20C8,0x20C8,0x20C8,0x20C8,0x53BE,0x53BE,0x53BE,0x53BE,0x53BE,0x53BE,0x53BE,
    0x53BE,0x53BE,0x53BE,0x53BE,0x53BE,0x53BE,0x53BE,0x53BE,0x30E5,0x30E5,0x30E5,0x30E5,
    0x30E5,0x30E5,0x30E5,0x30E5,0x30E5,0x30E5,0x30E5,0x30E5,0x0000,0x20C8,0x20C8,0x20C8,
    0x20C8,0x20C8,0x20C8,0x53BE,0x53BE,0x53BE,0x53BE,0x30E5,0x30E5,0x30E5,0x30E5,0x30E5,
    0x30E5,0x30E5,0x30E5,0x30E5,0x30E5,0x30E5,0x30E5,0x30E5,0x30E5,0x30E5,0x30E5,0x30E5,
    0x30E5,0x30E5,0x30E5,0x30E5,0x30E5,0x30E5,0x30E5,0x30E5,0x30E5,0x0000,0x20C8,0x20C8,
    0x20C8,0x20C8,0x20C8,0x20C8,0x20C8,0x20C8,0x20C8,0x20C8,0x20C8,0x20C8,0x53BE,0x53BE,
    0x53BE,0x53BE,0x30E5,0x30E5,0x30E5,0x30E5,0x30E5,0x30E5,0x30E5,0x30E5,0x30E5,0x30E5,
    0x0000,0x20C8,0x20C8,0x20C8,0x20C8,0x20C8,0x20C8,0x20C8,0x20C8,0x20C8,0x20C8,0x20C8,
    0x53BE,0x53BE,0x53BE,0x30E5,0x0000,0x20C8,0x20C8,0x20C8,0x20C8,0x20C8,0x20C8,0x20C8,
    0x20C8,0x20C8,0x20C8,0x20C8,0x20C8,0x20C8,0x20C8,0x20C8,0x53BE,0x53BE,0x30E5,0x30E5,
    0x30E5,0x0000,0x0000,0x30E5,0x30E5,0x0000,0x20C8,0x20C8,0x20C8,0x20C8,0x20C8,0x20C8,
    0x20C8,0x20C8,0x20C8,0x20C8,0x20C8,0x20C8,0x20C8,0x20C8,0x20C8,0x20C8,0x20C8,0x53BE,
    0x0000,0x53BE,0x53BE,0x53BE,0x53BE,0x53BE,0x53BE,0x30E5,0x30E5,0x30E5,0x30E5,0x30E5,
    0x30E5,0x30E5,0x30E5,0x30E5,0x30E5,0x30E5,0x30E5,0x30E5,0x30E5,0x0000,0x20C8,0x20C8,
    0x20C8,0x20C8,0x20C8,0x20C8,0x20C8,0x20C8,0x20C8,0x20C8,0x20C8,0x20C8,0x20C8,0x20C8,
    0x53BE,0x53BE,0x30E5,0x0000,0x20C8,0x20C8,0x20C8,0x20C8,0x20C8,0x20C8,0x53BE,0x30E5,
    0x30E5,0x30E5,0x30E5,0x30E5,0x30E5,0x30E5,0x30E5,0x30E5,0x30E5,0x30E5,0x30E5,0x30E5,
    0x20C8,0x20C8,0x20C8,0x20C8,0x20C8,0x20C8,0x20C8,0x20C8,0x20C8,0x20C8,0x20C8,0x20C8,
    0x20C8,0x20C8,0x53BE,0x53BE,0x53BE,0x53BE,0x20C8,0x20C8,0x20C8,0x20C8,0x20C8,0x20C8,
    0x20C8,0x20C8,0x20C8,0x20C8,0x20C8,0x20C8,0x53BE,0x53BE,0x53BE,0x53BE,0x53BE,0x53BE,
    0x53BE,0x53BE,0x53BE,0x53BE,0x53BE,0x53BE,0x53BE,0x53BE,0x53BE,0x30E5,0x30E5,0x30E5,
    0x30E5,0x30E5,0x30E5,0x30E5,0x30E5,0x30E5,0x30E5,0x30E5,0x0000,0x20C8,0x20C8,0x20C8,
    0x20C8,0x20C8,0x20C8,0x20C8,0x53BE,0x20C8,0x53BE,0x53BE,0x30E5,0x30E5,0x30E5,0x30E5,
    0x30E5,0x30E5,0x30E5,0x30E5,0x30E5,0x30E5,0x30E5,0x30E5,0x30E5,0x30E5,0x30E5,0x30E5,
    0x30E5,0x30E5,0x30E5,0x30E5,0x30E5,0x30E5,0x30E5,0x30E5,0x0000,0x20C8,0x20C8,0x20C8,
    0x20C8,0x20C8,0x20C8,0x20C8,0x20C8,0x20C8,0x20C8,0x20C8,0x20C8,0x20C8,0x53BE,0x30E5,
    0x53BE,0x53BE,0x53BE,0x30E5,0x30E5,0x30E5,0x30E5,0x30E5,0x30E5,0x30E5,0x30E5,0x0000,
    0x20C8,0x20C8,0x20C8,0x20C8,0x20C8,0x20C8,0x20C8,0x20C8,0x20C8,0x20C8,0x20C8,0x20C8,
    0x20C8,0x53BE,0x53BE,0x0000,0x0000,0x20C8,0x20C8,0x20C8,0x20C8,0x20C8,0x20C8,0x20C8,
    0x20C8,0x20C8,0x20C8,0x20C8,0x20C8,0x20C8,0x20C8,0x20C8,0x20C8,0x53BE,0x53BE,0x30E5,
    0x30E5,0x0000,0x0000,0x30E5,0x0000,0x20C8,0x20C8,0x20C8,0x20C8,0x20C8,0x20C8,0x20C8,
    0x20C8,0x20C8,0x20C8,0x20C8,0x20C8,0x20C8,0x20C8,0x20C8,0x20C8,0x20C8,0x20C8,0x20C8,
    0x53BE,0x20C8,0x20C8,0x20C8,0x53BE,0x53BE,0x53BE,0x0000,0x30E5,0x30E5,0x30E5,0x30E5,
    0x30E5,0x30E5,0x30E5,0x30E5,0x30E5,0x30E5,0x30E5,0x30E5,0x0000,0x20C8,0x20C8,0x20C8,
    0x20C8,0x20C8,0x20C8,0x20C8,0x20C8,0x20C8,0x20C8,0x20C8,0x20C8,0x20C8,0x20C8,0x20C8,
    0x20C8,0x53BE,0x0000,0x20C8,0x20C8,0x20C8,0x20C8,0x20C8,0x20C8,0x20C8,0x53BE,0x30E5,
    0x30E5,0x30E5,0x53BE,0x53BE,0x53BE,0x53BE,0x53BE,0x53BE,0x53BE,0x53BE,0x53BE,0x53BE,
    0x20C8,0x20C8,0x20C8,0x20C8,0x20C8,0x20C8,0x20C8,0x20C8,0x20C8,0x20C8,0x20C8,0x20C8,
    0x20C8,0x20C8,0x20C8,0x20C8,0x20C8,0x53BE,0x53BE,0x53BE,0x53BE,0x53BE,0x20C8,0x20C8,
    0x20C8,0x20C8,0x20C8,0x20C8,0x20C8,0x20C8,0x53BE,0x53BE,0x53BE,0x53BE,0x53BE,0x53BE,
    0x53BE,0x53BE,0x53BE,0x53BE,0x53BE,0x53BE,0x53BE,0x53BE,0x53BE,0x30E5,0x30E5,0x30E5,
    0x30E5,0x30E5,0x30E5,0x30E5,0x30E5,0x30E5,0x30E5,0x30E5,0x0000,0x20C8,0x20C8,0x20C8,
    0x20C8,0x20C8,0x20C8,0x20C8,0x20C8,0x20C8,0x53BE,0x53BE,0x30E5,0x30E5,0x30E5,0x30E5,
    0x30E5,0x30E5,0x30E5,0x30E5,0x30E5,0x30E5,0x30E5,0x30E5,0x30E5,0x30E5,0x30E5,0x30E5,
    0x30E5,0x30E5,0x30E5,0x30E5,0x30E5,0x30E5,0x30E5,0x30E5,0x0000,0x20C8,0x20C8,0x20C8,
    0x20C8,0x20C8,0x20C8,0x20C8,0x20C8,0x20C8,0x20C8,0x20C8,0x20C8,0x20C8,0x20C8,0x53BE,
    0x53BE,0x53BE,0x53BE,0x53BE,0x30E5,0x30E5,0x30E5,0x30E5,0x30E5,0x30E5,0x30E5,0x0000,
    0x20C8,0x20C8,0x20C8,0x20C8,0x20C8,0x20C8,0x20C8,0x20C8,0x20C8,0x20C8,0x20C8,0x20C8,
    0x20C8,0x20C8,0x53BE,0x0000,0x20C8,0x20C8,0x20C8,0x20C8,0x20C8,0x20C8,0x20C8,0x20C8,
    0x20C8,0x20C8,0x20C8,0x20C8,0x20C8,0x20C8,0x20C8,0x20C8,0x20C8,0x20C8,0x53BE,0x0000,
    0x30E5,0x0000,0x20C8,0x0000,0x20C8,0x20C8,0x20C8,0x20C8,0x20C8,0x20C8,0x20C8,0x20C8,
    0x20C8,0x20C8,0x20C8,0x20C8,0x20C8,0x20C8,0x20C8,0x20C8,0x20C8,0x20C8,0x20C8,0x20C8,
    0x20C8,0x20C8,0x20C8,0x20C8,0x20C8,0x53BE,0x53BE,0x0000,0x30E5,0x30E5,0x30E5,0x30E5,
    0x30E5,0x30E5,0x30E5,0x30E5,0x30E5,0x30E5,0x30E5,0x0000,0x20C8,0x20C8,0x20C8,0x20C8,
    0x20C8,0x20C8,0x20C8,0x20C8,0x20C8,0x20C8,0x20C8,0x20C8,0x20C8,0x20C8,0x20C8,0x20C8,
    0x20C8,0x20C8,0x53BE,0x20C8,0x20C8,0x20C8,0x20C8,0x20C8,0x20C8,0x20C8,0x20C8,0x53BE,
    0x30E5,0x53BE,0x20C8,0x53BE,0x53BE,0x53BE,0x53BE,0x53BE,0x53BE,0x53BE,0x53BE,0x53BE,
    0x20C8,0x20C8,0x20C8,0x20C8,0x20C8,0x20C8,0x20C8,0x20C8,0x20C8,0x20C8,0x20C8,0x20C8,
    0x20C8,0x20C8,0x20C8,0x20C8,0x20C8,0x20C8,0x20C8,0x20C8,0x53BE,0x53BE,0x53BE,0x53BE,
    0x20C8,0x20C8,0x20C8,0x20C8,0x20C8,0x20C8,0x53BE,0x53BE,0x53BE,0x53BE,0x53BE,0x53BE,
    0x53BE,0x53BE,0x53BE,0x53BE,0x53BE,0x53BE,0x53BE,0x53BE,0x0000,0x30E5,0x30E5,0x30E5,
    0x30E5,0x30E5,0x30E5,0x30E5,0x30E5,0x30E5,0x30E5,0x0000,0x20C8,0x20C8,0x20C8,0x20C8,
    0x20C8,0x20C8,0x20C8,0x20C8,0x20C8,0x20C8,0x53BE,0x0000,0x53BE,0x30E5,0x30E5,0x20C8,
    0x20C8,0x30E5,0x30E5,0x30E5,0x30E5,0x30E5,0x20C8,0x30E5,0x30E5,0x30E5,0x30E5,0x30E5,
    0x30E5,0x30E5,0x30E5,0x30E5,0x30E5,0x30E5,0x30E5,0x0000,0x20C8,0x20C8,0x20C8,0x20C8,
    0x20C8,0x20C8,0x20C8,0x20C8,0x20C8,0x20C8,0x20C8,0x20C8,0x20C8,0x20C8,0x20C8,0x20C8,
    0x20C8,0x20C8,0x20C8,0x0000,0x30E5,0x30E5,0x30E5,0x30E5,0x30E5,0x30E5,0x30E5,0x0000,
    0x20C8,0x20C8,0x20C8,0x20C8,0x20C8,0x20C8,0x20C8,0x20C8,0x20C8,0x20C8,0x20C8,0x20C8,
    0x20C8,0x20C8,0x20C8,0x20C8,0x20C8,0x20C8,0x20C8,0x20C8,0x20C8,0x20C8,0x20C8,0x20C8,
    0x20C8,0x20C8,0x20C8,0x20C8,0x20C8,0x20C8,0x20C8,0x20C8,0x20C8,0x20C8,0x20C8,0x53BE,
    0x30E5,0x0000,0x20C8,0x20C8,0x20C8,0x20C8,0x20C8,0x20C8,0x20C8,0x20C8,0x20C8,0x20C8,
    0x20C8,0x20C8,0x20C8,0x20C8,0x20C8,0x20C8,0x20C8,0x20C8,0x20C8,0x20C8,0x20C8,0x20C8,
    0x20C8,0x20C8,0x20C8,0x20C8,0x20C8,0x53BE,0x53BE,0x0000,0x30E5,0x30E5,0x30E5,0x30E5,
    0x30E5,0x30E5,0x30E5,0x30E5,0x30E5,0x30E5,0x0000,0x20C8,0x20C8,0x20C8,0x20C8,0x20C8,
    0x20C8,0x20C8,0x20C8,0x20C8,0x20C8,0x20C8,0x20C8,0x20C8,0x20C8,0x20C8,0x20C8,0x20C8,
    0x20C8,0x20C8,0x53BE,0x20C8,0x20C8,0x20C8,0x20C8,0x20C8,0x20C8,0x20C8,0x20C8,0x20C8,
    0x53BE,0x20C8,0x20C8,0x20C8,0x20C8,0x20C8,0x20C8,0x20C8,0x20C8,0x20C8,0x20C8,0x20C8,
    0x20C8,0x20C8,0x20C8,0x20C8,0x20C8,0x20C8,0x20C8,0x20C8,0x20C8,0x20C8,0x20C8,0x20C8,
    0x20C8,0x20C8,0x20C8,0x20C8,0x20C8,0x20C8,0x20C8,0x20C8,0x20C8,0x53BE,0x53BE,0x53BE,
    0x53BE,0x20C8,0x20C8,0x20C8,0x20C8,0x20C8,0x53BE,0x53BE,0x53BE,0x53BE,0x53BE,0x53BE,
    0x53BE,0x53BE,0x53BE,0x53BE,0x53BE,0x53BE,0x53BE,0x53BE,0x0000,0x30E5,0x30E5,0x30E5,
    0x30E5,0x30E5,0x30E5,0x30E5,0x30E5,0x30E5,0x30E5,0x0000,0x20C8,0x20C8,0x20C8,0x20C8,
    0x20C8,0x20C8,0x20C8,0x20C8,0x20C8,0x20C8,0x20C8,0x53BE,0x53BE,0x30E5,0x20C8,0x20C8,
    0x20C8,0x20C8,0x30E5,0x30E5,0x30E5,0x20C8,0x20C8,0x20C8,0x30E5,0x30E5,0x30E5,0x30E5,
    0x30E5,0x30E5,0x30E5,0x30E5,0x30E5,0x30E5,0x0000,0x20C8,0x20C8,0x20C8,0x20C8,0x20C8,
    0x20C8,0x20C8,0x20C8,0x20C8,0x20C8,0x20C8,0x20C8,0x20C8,0x20C8,0x20C8,0x20C8,0x20C8,
    0x20C8,0x20C8,0x20C8,0x20C8,0x0000,0x30E5,0x30E5,0x30E5,0x30E5,0x30E5,0x0000,0x20C8,
    0x20C8,0x20C8,0x20C8,0x20C8,0x20C8,0x20C8,0x20C8,0x20C8,0x20C8,0x20C8,0x20C8,0x20C8,
    0x20C8,0x20C8,0x20C8,0x20C8,0x20C8,0x20C8,0x20C8,0x20C8,0x20C8,0x20C8,0x20C8,0x20C8,
    0x20C8,0x20C8,0x20C8,0x20C8,0x20C8,0x20C8,0x20C8,0x20C8,0x20C8,0x20C8,0x20C8,0x53BE,
    0x0000,0x0000,0x20C8,0x20C8,0x20C8,0x20C8,0x20C8,0x20C8,0x20C8,0x20C8,0x20C8,0x20C8,
    0x20C8,0x20C8,0x20C8,0x20C8,0x20C8,0x20C8,0x20C8,0x20C8,0x20C8,0x20C8,0x20C8,0x20C8,
    0x20C8,0x20C8,0x20C8,0x20C8,0x20C8,0x20C8,0x53BE,0x53BE,0x30E5,0x30E5,0x30E5,0x30E5,
    0x30E5,0x0000,0x0000,0x0000,0x0000,0x0000,0x20C8,0x20C8,0x20C8,0x20C8,0x20C8,0x20C8,
    0x20C8,0x20C8,0x20C8,0x20C8,0x20C8,0x20C8,0x20C8,0x20C8,0x20C8,0x20C8,0x20C8,0x20C8,
    0x20C8,0x20C8,0x20C8,0x20C8,0x20C8,0x20C8,0x20C8,0x20C8,0x20C8,0x20C8,0x20C8,0x20C8,
    0x20C8,0x20C8,0x20C8,0x20C8,0x20C8,0x20C8,0x20C8,0x20C8,0x20C8,0x20C8,0x20C8,0x20C8,
    0x20C8,0x20C8,0x20C8,0x20C8,0x20C8,0x20C8,0x20C8,0x20C8,0x20C8,0x20C8,0x20C8,0x20C8,
    0x20C8,0x20C8,0x20C8,0x20C8,0x20C8,0x20C8,0x20C8,0x20C8,0x20C8,0x20C8,0x53BE,0x53BE,
    0x53BE,0x20C8,0x20C8,0x20C8,0x20C8,0x20C8,0x20C8,0x53BE,0x20C8,0x20C8,0x20C8,0x20C8,
    0x53BE,0x53BE,0x53BE,0x53BE,0x53BE,0x53BE,0x53BE,0x53BE,0x0000,0x30E5,0x30E5,0x30E5,
    0x30E5,0x30E5,0x30E5,0x30E5,0x30E5,0x30E5,0x0000,0x20C8,0x20C8,0x20C8,0x20C8,0x20C8,
    0x20C8,0x20C8,0x20C8,0x20C8,0x20C8,0x20C8,0x20C8,0x20C8,0x53BE,0x53BE,0x20C8,0x20C8,
    0x20C8,0x20C8,0x20C8,0x30E5,0x20C8,0x20C8,0x20C8,0x0000,0x20C8,0x20C8,0x20C8,0x20C8,
    0x20C8,0x30E5,0x30E5,0x30E5,0x30E5,0x0000,0x20C8,0x20C8,0x20C8,0x20C8,0x20C8,0x20C8,
    0x20C8,0x20C8,0x20C8,0x20C8,0x20C8,0x20C8,0x20C8,0x20C8,0x20C8,0x20C8,0x20C8,0x20C8,
    0x20C8,0x20C8,0x20C8,0x20C8,0x0000,0x30E5,0x30E5,0x30E5,0x30E5,0x0000,0x20C8,0x20C8,
    0x20C8,0x20C8,0x20C8,0x20C8,0x20C8,0x20C8,0x20C8,0x20C8,0x20C8,0x20C8,0x20C8,0x20C8,
    0x20C8,0x20C8,0x20C8,0x20C8,0x20C8,0x20C8,0x20C8,0x20C8,0x20C8,0x20C8,0x20C8,0x20C8,
    0x20C8,0x20C8,0x20C8,0x20C8,0x20C8,0x20C8,0x20C8,0x20C8,0x20C8,0x20C8,0x20C8,0x20C8,
    0x20C8,0x0000,0x20C8,0x20C8,0x20C8,0x20C8,0x20C8,0x20C8,0x20C8,0x20C8,0x20C8,0x20C8,
    0x20C8,0x20C8,0x20C8,0x20C8,0x20C8,0x20C8,0x20C8,0x20C8,0x20C8,0x20C8,0x20C8,0x20C8,
    0x20C8,0x20C8,0x20C8,0x20C8,0x20C8,0x20C8,0x53BE,0x53BE,0x53BE,0x30E5,0x30E5,0x30E5,
    0x0000,0x20C8,0x20C8,0x20C8,0x20C8,0x20C8,0x20C8,0x20C8,0x20C8,0x20C8,0x20C8,0x20C8,
    0x20C8,0x20C8,0x20C8,0x20C8,0x20C8,0x20C8,0x20C8,0x20C8,0x20C8,0x20C8,0x20C8,0x20C8,
    0x20C8,0x20C8,0x20C8,0x20C8,0x20C8,0x20C8,0x20C8,0x20C8,0x20C8,0x20C8,0x20C8,0x20C8,
    0x20C8,0x20C8,0x20C8,0x20C8,0x20C8,0x20C8,0x20C8,0x20C8,0x20C8,0x20C8,0x20C8,0x20C8,
    0x20C8,0x20C8,0x20C8,0x20C8,0x20C8,0x20C8,0x20C8,0x20C8,0x20C8,0x20C8,0x20C8,0x20C8,
    0x20C8,0x20C8,0x20C8,0x20C8,0x20C8,0x20C8,0x20C8,0x20C8,0x20C8,0x20C8,0x20C8,0x53BE,
    0x53BE,0x20C8,0x20C8,0x20C8,0x20C8,0x20C8,0x20C8,0x20C8,0x20C8,0x20C8,0x20C8,0x20C8,
    0x20C8,0x53BE,0x53BE,0x53BE,0x53BE,0x53BE,0x53BE,0x53BE,0x53BE,0x30E5,0x30E5,0x30E5,
    0x30E5,0x30E5,0x30E5,0x30E5,0x30E5,0x0000,0x20C8,0x20C8,0x20C8,0x20C8,0x20C8,0x20C8,
    0x20C8,0x20C8,0x20C8,0x20C8,0x20C8,0x20C8,0x20C8,0x20C8,0x20C8,0x53BE,0x53BE,0x20C8,
    0x20C8,0x20C8,0x20C8,0x20C8,0x20C8,0x20C8,0x20C8,0x0000,0x20C8,0x0000,0x20C8,0x20C8,
    0x20C8,0x20C8,0x30E5,0x30E5,0x0000,0x20C8,0x20C8,0x20C8,0x20C8,0x20C8,0x20C8,0x20C8,
    0x20C8,0x20C8,0x20C8,0x20C8,0x20C8,0x20C8,0x20C8,0x20C8,0x20C8,0x20C8,0x20C8,0x20C8,
    0x20C8,0x20C8,0x20C8,0x20C8,0x20C8,0x0000,0x30E5,0x30E5,0x0000,0x20C8,0x20C8,0x20C8,
    0x20C8,0x20C8,0x20C8,0x20C8,0x20C8,0x20C8,0x20C8,0x20C8,0x20C8,0x20C8,0x20C8,0x20C8,
    0x20C8,0x20C8,0x20C8,0x20C8,0x20C8,0x20C8,0x20C8,0x20C8,0x20C8,0x20C8,0x20C8,0x20C8,
    0x20C8,0x20C8,0x20C8,0x20C8,0x20C8,0x20C8,0x20C8,0x20C8,0x20C8,0x20C8,0x20C8,0x20C8,
    0x20C8,0x20C8,0x20C8,0x20C8,0x20C8,0x20C8,0x20C8,0x20C8,0x20C8,0x20C8,0x20C8,0x20C8,
    0x20C8,0x20C8,0x20C8,0x20C8,0x20C8,0x20C8,0x20C8,0x20C8,0x20C8,0x20C8,0x20C8,0x20C8,
    0x20C8,0x20C8,0x20C8,0x20C8,0x20C8,0x20C8,0x53BE,0x53BE,0x0000,0x30E5,0x30E5,0x0000,
    0x20C8,0x20C8,0x20C8,0x20C8,0x20C8,0x20C8,0x20C8,0x20C8,0x20C8,0x20C8,0x20C8,0x20C8,
    0x20C8,0x20C8,0x20C8,0x20C8,0x20C8,0x20C8,0x20C8,0x20C8,0x20C8,0x20C8,0x20C8,0x20C8,
    0x20C8,0x20C8,0x20C8,0x20C8,0x20C8,0x20C8,0x20C8,0x20C8,0x20C8,0x20C8,0x20C8,0x20C8,
    0x20C8,0x20C8,0x20C8,0x20C8,0x20C8,0x20C8,0x20C8,0x20C8,0x20C8,0x20C8,0x20C8,0x20C8,
    0x20C8,0x20C8,0x20C8,0x20C8,0x20C8,0x20C8,0x20C8,0x20C8,0x20C8,0x20C8,0x20C8,0x20C8,
    0x20C8,0x20C8,0x20C8,0x20C8,0x20C8,0x20C8,0x20C8,0x20C8,0x20C8,0x20C8,0x20C8,0x20C8,
    0x20C8,0x20C8,0x20C8,0x20C8,0x20C8,0x20C8,0x20C8,0x20C8,0x20C8,0x20C8,0x20C8,0x20C8,
    0x20C8,0x20C8,0x53BE,0x53BE,0x53BE,0x53BE,0x53BE,0x0000,0x30E5,0x30E5,0x30E5,0x30E5,
    0x30E5,0x30E5,0x30E5,0x0000,0x0000,0x20C8,0x20C8,0x20C8,0x20C8,0x20C8,0x20C8,0x20C8,
    0x20C8,0x20C8,0x20C8,0x20C8,0x20C8,0x20C8,0x20C8,0x20C8,0x20C8,0x20C8,0x53BE,0x53BE,
    0x20C8,0x20C8,0x20C8,0x20C8,0x20C8,0x20C8,0x20C8,0x0000,0x20C8,0x20C8,0x0000,0x0000,
    0x20C8,0x20C8,0x20C8,0x20C8,0x0000,0x20C8,0x20C8,0x20C8,0x20C8,0x20C8,0x20C8,0x20C8,
    0x20C8,0x20C8,0x20C8,0x20C8,0x20C8,0x20C8,0x20C8,0x20C8,0x20C8,0x20C8,0x20C8,0x20C8,
    0x20C8,0x20C8,0x20C8,0x20C8,0x20C8,0x20C8,0x0000,0x30E5,0x0000,0x20C8,0x20C8,0x20C8,
    0x20C8,0x20C8,0x20C8,0x20C8,0x20C8,0x20C8,0x20C8,0x20C8,0x20C8,0x20C8,0x20C8,0x20C8,
    0x20C8,0x20C8,0x20C8,0x20C8,0x20C8,0x20C8,0x20C8,0x20C8,0x20C8,0x20C8,0x20C8,0x20C8,
    0x20C8,0x20C8,0x20C8,0x20C8,0x20C8,0x20C8,0x20C8,0x20C8,0x20C8,0x20C8,0x20C8,0x20C8,
    0x20C8,0x20C8,0x20C8,0x20C8,0x20C8,0x20C8,0x20C8,0x20C8,0x20C8,0x20C8,0x20C8,0x20C8,
    0x20C8,0x20C8,0x20C8,0x20C8,0x20C8,0x20C8,0x20C8,0x20C8,0x20C8,0x20C8,0x20C8,0x20C8,
    0x20C8,0x20C8,0x20C8,0x20C8,0x20C8,0x20C8,0x20C8,0x53BE,0x53BE,0x0000,0x0000,0x20C8,
    0x20C8,0x20C8,0x20C8,0x20C8,0x20C8,0x20C8,0x20C8,0x20C8,0x20C8,0x20C8,0x20C8,0x20C8,
    0x20C8,0x20C8,0x20C8,0x20C8,0x20C8,0x20C8,0x20C8,0x20C8,0x20C8,0x20C8,0x20C8,0x20C8,
    0x20C8,0x20C8,0x20C8,0x20C8,0x20C8,0x20C8,0x20C8,0x20C8,0x20C8,0x20C8,0x20C8,0x20C8,
    0x20C8,0x20C8,0x20C8,0x20C8,0x20C8,0x20C8,0x20C8,0x20C8,0x20C8,0x20C8,0x20C8,0x20C8,
    0x20C8,0x20C8,0x20C8,0x20C8,0x20C8,0x20C8,0x20C8,0x20C8,0x20C8,0x20C8,0x20C8,0x20C8,
    0x20C8,0x20C8,0x20C8,0x20C8,0x20C8,0x20C8,0x20C8,0x20C8,0x20C8,0x20C8,0x20C8,0x20C8,
    0x20C8,0x20C8,0x20C8,0x20C8,0x20C8,0x20C8,0x20C8,0x20C8,0x20C8,0x20C8,0x20C8,0x20C8,
    0x20C8,0x20C8,0x20C8,0x53BE,0x53BE,0x53BE,0x53BE,0x0000,0x30E5,0x30E5,0x30E5,0x30E5,
    0x30E5,0x0000,0x0000,0x20C8,0x20C8,0x20C8,0x20C8,0x20C8,0x20C8,0x20C8,0x20C8,0x20C8,
    0x20C8,0x20C8,0x20C8,0x20C8,0x20C8,0x20C8,0x20C8,0x20C8,0x20C8,0x20C8,0x20C8,0x53BE,
    0x0000,0x20C8,0x20C8,0x20C8,0x20C8,0x20C8,0x20C8,0x0000,0x20C8,0x20C8,0x20C8,0x20C8,
    0x0000,0x0000,0x20C8,0x0000,0x20C8,0x20C8,0x20C8,0x20C8,0x20C8,0x20C8,0x20C8,0x20C8,
    0x20C8,0x20C8,0x20C8,0x20C8,0x20C8,0x20C8,0x20C8,0x20C8,0x20C8,0x20C8,0x20C8,0x20C8,
    0x20C8,0x20C8,0x20C8,0x20C8,0x20C8,0x20C8,0x0000,0x30E5,0x0000,0x20C8,0x20C8,0x20C8,
    0x20C8,0x20C8,0x20C8,0x20C8,0x20C8,0x20C8,0x20C8,0x20C8,0x20C8,0x20C8,0x20C8,0x20C8,
    0x20C8,0x20C8,0x20C8,0x20C8,0x20C8,0x20C8,0x20C8,0x20C8,0x20C8,0x20C8,0x20C8,0x20C8,
    0x20C8,0x20C8,0x20C8,0x20C8,0x20C8,0x20C8,0x20C8,0x20C8,0x20C8,0x20C8,0x20C8,0x20C8,
    0x20C8,0x20C8,0x20C8,0x20C8,0x20C8,0x20C8,0x20C8,0x20C8,0x20C8,0x20C8,0x20C8,0x20C8,
    0x20C8,0x20C8,0x20C8,0x20C8,0x20C8,0x20C8,0x20C8,0x20C8,0x20C8,0x20C8,0x20C8,0x20C8,
    0x20C8,0x20C8,0x20C8,0x20C8,0x20C8,0x20C8,0x20C8,0x20C8,0x53BE,0x0000,0x20C8,0x20C8,
    0x20C8,0x20C8,0x20C8,0x20C8,0x20C8,0x20C8,0x20C8,0x20C8,0x20C8,0x20C8,0x20C8,0x20C8,
    0x20C8,0x20C8,0x20C8,0x20C8,0x20C8,0x20C8,0x20C8,0x20C8,0x20C8,0x20C8,0x20C8,0x20C8,
    0x20C8,0x20C8,0x20C8,0x20C8,0x20C8,0x20C8,0x20C8,0x20C8,0x20C8,0x20C8,0x20C8,0x20C8,
    0x20C8,0x20C8,0x20C8,0x20C8,0x20C8,0x20C8,0x20C8,0x20C8,0x20C8,0x20C8,0x20C8,0x20C8,
    0x20C8,0x20C8,0x20C8,0x20C8,0x20C8,0x20C8,0x20C8,0x20C8,0x20C8,0x20C8,0x20C8,0x20C8,
    0x20C8,0x20C8,0x20C8,0x20C8,0x20C8,0x20C8,0x20C8,0x20C8,0x20C8,0x20C8,0x20C8,0x20C8,
    0x20C8,0x20C8,0x20C8,0x20C8,0x20C8,0x20C8,0x20C8,0x20C8,0x20C8,0x20C8,0x20C8,0x20C8,
    0x20C8,0x20C8,0x20C8,0x53BE,0x53BE,0x53BE,0x53BE,0x0000,0x30E5,0x30E5,0x30E5,0x0000,
    0x0000,0x20C8,0x20C8,0x20C8,0x20C8,0x20C8,0x20C8,0x20C8,0x20C8,0x20C8,0x20C8,0x20C8,
    0x20C8,0x20C8,0x20C8,0x20C8,0x20C8,0x20C8,0x20C8,0x20C8,0x20C8,0x20C8,0x20C8,0x20C8,
    0x20C8,0x0000,0x20C8,0x20C8,0x20C8,0x20C8,0x20C8,0x0000,0x20C8,0x20C8,0x20C8,0x20C8,
    0x20C8,0x20C8,0x0000,0x20C8,0x20C8,0x20C8,0x20C8,0x20C8,0x20C8,0x20C8,0x20C8,0x20C8,
    0x20C8,0x20C8,0x20C8,0x20C8,0x20C8,0x20C8,0x20C8,0x20C8,0x20C8,0x20C8,0x20C8,0x20C8,
    0x20C8,0x20C8,0x20C8,0x20C8,0x20C8,0x20C8,0x20C8,0x0000,0x20C8,0x20C8,0x20C8,0x20C8,
    0x20C8,0x20C8,0x20C8,0x20C8,0x20C8,0x20C8,0x20C8,0x20C8,0x20C8,0x20C8,0x20C8,0x20C8,
    0x20C8,0x20C8,0x20C8,0x20C8,0x20C8,0x20C8,0x20C8,0x20C8,0x20C8,0x20C8,0x20C8,0x20C8,
    0x20C8,0x20C8,0x20C8,0x20C8,0x20C8,0x20C8,0x20C8,0x20C8,0x20C8,0x20C8,0x20C8,0x20C8,
    0x20C8,0x20C8,0x20C8,0x20C8,0x20C8,0x20C8,0x20C8,0x20C8,0x20C8,0x20C8,0x20C8,0x20C8,
    0x20C8,0x20C8,0x20C8,0x20C8,0x20C8,0x20C8,0x20C8,0x20C8,0x20C8,0x20C8,0x20C8,0x20C8,
    0x20C8,0x20C8,0x20C8,0x20C8,0x20C8,0x20C8,0x20C8,0x20C8,0x20C8,0x20C8,0x20C8,0x20C8,
    0x20C8,0x20C8,0x20C8,0x20C8,0x20C8,0x20C8,0x20C8,0x20C8,0x20C8,0x20C8,0x20C8,0x20C8,
    0x20C8,0x20C8,0x20C8,0x20C8,0x20C8,0x20C8,0x20C8,0x20C8,0x20C8,0x20C8,0x20C8,0x20C8,
    0x20C8,0x20C8,0x20C8,0x20C8,0x20C8,0x20C8,0x20C8,0x20C8,0x20C8,0x20C8,0x20C8,0x20C8,
    0x20C8,0x20C8,0x20C8,0x20C8,0x20C8,0x20C8,0x20C8,0x20C8,0x20C8,0x20C8,0x20C8,0x20C8,
    0x20C8,0x20C8,0x20C8,0x20C8,0x20C8,0x20C8,0x20C8,0x20C8,0x20C8,0x20C8,0x20C8,0x20C8,
    0x20C8,0x20C8,0x20C8,0x20C8,0x20C8,0x20C8,0x20C8,0x20C8,0x20C8,0x20C8,0x20C8,0x20C8,
    0x20C8,0x1886,0x1886,0x1886,0x20C8,0x20C8,0x20C8,0x20C8,0x20C8,0x20C8,0x20C8,0x20C8,
    0x20C8,0x20C8,0x20C8,0x53BE,0x20C8,0x20C8,0x20C8,0x0000,0x0000,0x0000,0x0000,0x0000,
    0x0000,0x0000,0x0000,0x0000,0x0000,0x0000,0x0000,0x0000,0x0000,0x0000,0x0000,0x0000,
    0x0000,0x0000,0x0000,0x0000,0x0000,0x0000,0x0000,0x0000,0x0000,0x0000,0x0000,0x0000,
    0x0000,0x0000,0x0000,0x0000,0x0000,0x0000,0x0000,0x0000,0x0000,0x0000,0x0000,0x0000,
    0x0000,0x0000,0x0000,0x0000,0x0000,0x0000,0x0000,0x0000,0x0000,0x0000,0x0000,0x0000,
    0x0000,0x0000,0x0000,0x0000,0x0000,0x0000,0x0000,0x0000,0x0000,0x0000,0x0000,0x0000,
    0x0000,0x0000,0x0000,0x0000,0x0000,0x0000,0x0000,0x0000,0x0000,0x0000,0x0000,0x0000,
    0x0000,0x0000,0x0000,0x0000,0x0000,0x0000,0x0000,0x0000,0x0000,0x0000,0x0000,0x0000,
    0x0000,0x0000,0x0000,0x0000,0x0000,0x0000,0x0000,0x0000,0x0000,0x0000,0x0000,0x0000,
    0x0000,0x0000,0x0000,0x0000,0x0000,0x0000,0x0000,0x0000,0x0000,0x0000,0x0000,0x0000,
    0x0000,0x0000,0x0000,0x0000,0x0000,0x0000,0x0000,0x0000,0x0000,0x0000,0x0000,0x0000,
    0x0000,0x0000,0x0000,0x0000,0x0000,0x0000,0x0000,0x0000,0x0000,0x0000,0x0000,0x0000,
    0x0000,0x0000,0x0000,0x0000,0x0000,0x0000,0x0000,0x0000,0x0000,0x0000,0x0000,0x0000,
    0x0000,0x0000,0x0000,0x0000,0x0000,0x0000,0x0000,0x0000,0x0000,0x0000,0x0000,0x0000,
    0x0000,0x0000,0x0000,0x0000,0x0000,0x0000,0x0000,0x0000,0x0000,0x0000,0x0000,0x0000,
    0x0000,0x0000,0x0000,0x0000,0x0000,0x0000,0x0000,0x0000,0x0000,0x0000,0x0000,0x0000,
    0x0000,0x0000,0x0000,0x0000,0x0000,0x0000,0x0000,0x0000,0x0000,0x0000,0x0000,0x0000,
    0x20C8,0x20C8,0x20C8,0x20C8,0x20C8,0x20C8,0x20C8,0x20C8,0x20C8,0x20C8,0x20C8,0x20C8,
    0x20C8,0x20C8,0x20C8,0x20C8,0x20C8,0x20C8,0x20C8,0x20C8,0x20C8,0x20C8,0x20C8,0x20C8,
    0x1886,0x1886,0x1886,0x1886,0x20C8,0x20C8,0x20C8,0x20C8,0x20C8,0x20C8,0x20C8,0x20C8,
    0x20C8,0x20C8,0x20C8,0x53BE,0x20C8,0x20C8,0x20C8,0x0000,0x2D94,0x2D94,0x2D94,0x2D94,
    0x2D94,0x2D94,0x2D94,0x2D94,0x2D94,0x2D94,0x2D94,0x2D94,0x2D94,0x2D94,0x2D94,0x2D94,
    0x2D94,0x2D94,0x2D94,0x2D94,0x2D94,0x2D94,0x2D94,0x2D94,0x2D94,0x2D94,0x2D94,0x2D94,
    0x2D94,0x2D94,0x2D94,0x2D94,0x2D94,0x0000,0x0000,0x0000,0x2D94,0x2D94,0x2D94,0x2D94,
    0x2D94,0x2D94,0x2D94,0x2D94,0x2D94,0x2D94,0x2D94,0x2D94,0x2D94,0x2D94,0x2D94,0x2D94,
    0x2D94,0x2D94,0x2D94,0x2D94,0x2D94,0x2D94,0x2D94,0x2D94,0x2D94,0x2D94,0x2D94,0x2D94,
    0x2D94,0x2D94,0x2D94,0x2D94,0x2D94,0x2D94,0x2D94,0x2D94,0x2D94,0x2D94,0x2D94,0x2D94,
    0x2D94,0x2D94,0x2D94,0x2D94,0x2D94,0x2D94,0x2D94,0x2D94,0x2D94,0x2D94,0x2D94,0x2D94,
    0x2D94,0x2D94,0x2D94,0x2D94,0x2D94,0x2D94,0x2D94,0x2D94,0x2D94,0x2D94,0x2D94,0x2D94,
    0x2D94,0x2D94,0x2D94,0x2D94,0x2D94,0x2D94,0x2D94,0x2D94,0x2D94,0x2D94,0x2D94,0x2D94,
    0x2D94,0x2D94,0x2D94,0x2D94,0x2D94,0x2D94,0x2D94,0x2D94,0x2D94,0x2D94,0x2D94,0x2D94,
    0x2D94,0x2D94,0x2D94,0x2D94,0x2D94,0x2D94,0x2D94,0x2D94,0x2D94,0x2D94,0x2D94,0x2D94,
    0x2D94,0x2D94,0x2D94,0x2D94,0x2D94,0x2D94,0x2D94,0x2D94,0x2D94,0x2D94,0x2D94,0x2D94,
    0x2D94,0x2D94,0x2D94,0x2D94,0x2D94,0x2D94,0x2D94,0x2D94,0x2D94,0x2D94,0x2D94,0x2D94,
    0x2D94,0x2D94,0x2D94,0x2D94,0x2D94,0x2D94,0x2D94,0x2D94,0x2D94,0x2D94,0x2D94,0x2D94,
    0x2D94,0x2D94,0x2D94,0x2D94,0x2D94,0x2D94,0x2D94,0x2D94,0x2D94,0x2D94,0x2D94,0x2D94,
    0x2D94,0x2D94,0x2D94,0x2D94,0x2D94,0x2D94,0x2D94,0x2D94,0x2D94,0x2D94,0x2D94,0x2D94,
    0x20C8,0x20C8,0x20C8,0x20C8,0x20C8,0x20C8,0x20C8,0x20C8,0x20C8,0x20C8,0x20C8,0x20C8,
    0x20C8,0x20C8,0x20C8,0x20C8,0x20C8,0x20C8,0x20C8,0x20C8,0x20C8,0x20C8,0x1886,0x1886,
    0x1886,0x1886,0x1886,0x1886,0x1886,0x1886,0x20C8,0x20C8,0x20C8,0x20C8,0x20C8,0x20C8,
    0x20C8,0x20C8,0x20C8,0x53BE,0x20C8,0x20C8,0x2D94,0x2D94,0x2D94,0x2D94,0x2D94,0x2D94,
    0x2D94,0x2D94,0x2D94,0x2D94,0x2D94,0x2D94,0x2D94,0x2D94,0x2D94,0x2D94,0x2D94,0x2D94,
    0x2D94,0x2D94,0x2D94,0x2D94,0x2D94,0x2D94,0x2D94,0x2D94,0x2D94,0x2D94,0x2D94,0x2D94,
    0x2D94,0x2D94,0x2D94,0x2D94,0x2D94,0x2D94,0x2D94,0x2D94,0x2D94,0x2D94,0x2D94,0x2D94,
    0x2D94,0x2D94,0x2D94,0x2D94,0x2D94,0x2D94,0x2D94,0x2D94,0x2D94,0x2D94,0x2D94,0x2D94,
    0x2D94,0x2D94,0x2D94,0x2D94,0x2D94,0x2D94,0x2D94,0x2D94,0x2D94,0x2D94,0x2D94,0x2D94,
    0x2D94,0x2D94,0x2D94,0x2D94,0x2D94,0x2D94,0x2D94,0x2D94,0x2D94,0x2D94,0x2D94,0x2D94,
    0x2D94,0x2D94,0x2D94,0x2D94,0x2D94,0x2D94,0x3A5C,0x3A5C,0x3A5C,0x3A5C,0x2D94,0x2D94,
    0x2D94,0x2D94,0x2D94,0x2D94,0x2D94,0x2D94,0x2D94,0x2D94,0x2D94,0x2D94,0x2D94,0x2D94,
    0x2D94,0x2D94,0x2D94,0x2D94,0x2D94,0x2D94,0x2D94,0x2D94,0x2D94,0x2D94,0x2D94,0x2D94,
    0x2D94,0x2D94,0x2D94,0x2D94,0x2D94,0x2D94,0x2D94,0x2D94,0x2D94,0x2D94,0x2D94,0x2D94,
    0x2D94,0x2D94,0x2D94,0x2D94,0x2D94,0x2D94,0x2D94,0x2D94,0x2D94,0x2D94,0x2D94,0x2D94,
    0x2D94,0x2D94,0x2D94,0x2D94,0x2D94,0x2D94,0x2D94,0x2D94,0x2D94,0x2D94,0x2D94,0x2D94,
    0x2D94,0x2D94,0x2D94,0x2D94,0x2D94,0x2D94,0x2D94,0x2D94,0x2D94,0x2D94,0x2D94,0x2D94,
    0x2D94,0x2D94,0x2D94,0x2D94,0x2D94,0x2D94,0x2D94,0x2D94,0x2D94,0x2D94,0x2D94,0x2D94,
    0x2D94,0x2D94,0x2D94,0x2D94,0x2D94,0x2D94,0x2D94,0x2D94,0x2D94,0x2D94,0x2D94,0x2D94,
    0x2D94,0x2D94,0x2D94,0x2D94,0x2D94,0x2D94,0x2D94,0x2D94,0x2D94,0x2D94,0x2D94,0x2D94,
    0x20C8,0x20C8,0x20C8,0x20C8,0x20C8,0x20C8,0x20C8,0x20C8,0x20C8,0x20C8,0x20C8,0x20C8,
    0x20C8,0x20C8,0x20C8,0x20C8,0x20C8,0x20C8,0x20C8,0x20C8,0x1886,0x1886,0x1886,0x1886,
    0x1886,0x1886,0x1886,0x1886,0x1886,0x1886,0x1886,0x20C8,0x20C8,0x20C8,0x20C8,0x20C8,
    0x20C8,0x20C8,0x20C8,0x53BE,0x20C8,0x3A5C,0x3A5C,0x2D94,0x2D94,0x2D94,0x2D94,0x3A5C,
    0x3A5C,0x3A5C,0x3A5C,0x3A5C,0x3A5C,0x3A5C,0x3A5C,0x3A5C,0x3A5C,0x3A5C,0x3A5C,0x3A5C,
    0x3A5C,0x3A5C,0x3A5C,0x3A5C,0x3A5C,0x3A5C,0x3A5C,0x3A5C,0x3A5C,0x3A5C,0x3A5C,0x3A5C,
    0x3A5C,0x2D94,0x2D94,0x2D94,0x2D94,0x2D94,0x2D94,0x2D94,0x2D94,0x2D94,0x2D94,0x2D94,
    0x2D94,0x2D94,0x2D94,0x2D94,0x3A5C,0x3A5C,0x3A5C,0x3A5C,0x2D94,0x2D94,0x2D94,0x2D94,
    0x3A5C,0x2D94,0x2D94,0x2D94,0x2D94,0x2D94,0x2D94,0x2D94,0x2D94,0x2D94,0x2D94,0x2D94,
    0x2D94,0x2D94,0x2D94,0x2D94,0x2D94,0x2D94,0x3A5C,0x3A5C,0x3A5C,0x2D94,0x2D94,0x2D94,
    0x2D94,0x2D94,0x3A5C,0x3A5C,0x3A5C,0x3A5C,0x3A5C,0x3A5C,0x3A5C,0x3A5C,0x3A5C,0x3A5C,
    0x3A5C,0x2D94,0x2D94,0x2D94,0x2D94,0x2D94,0x2D94,0x2D94,0x2D94,0x2D94,0x2D94,0x2D94,
    0x3A5C,0x3A5C,0x2D94,0x2D94,0x2D94,0x2D94,0x2D94,0x2D94,0x2D94,0x2D94,0x2D94,0x2D94,
    0x2D94,0x2D94,0x2D94,0x2D94,0x2D94,0x2D94,0x2D94,0x2D94,0x2D94,0x2D94,0x2D94,0x2D94,
    0x2D94,0x2D94,0x2D94,0x2D94,0x2D94,0x2D94,0x2D94,0x2D94,0x2D94,0x2D94,0x2D94,0x2D94,
    0x2D94,0x2D94,0x2D94,0x2D94,0x2D94,0x2D94,0x2D94,0x2D94,0x2D94,0x2D94,0x2D94,0x2D94,
    0x2D94,0x2D94,0x2D94,0x2D94,0x2D94,0x2D94,0x2D94,0x2D94,0x2D94,0x2D94,0x2D94,0x2D94,
    0x2D94,0x2D94,0x2D94,0x2D94,0x3A5C,0x3A5C,0x2D94,0x2D94,0x2D94,0x2D94,0x2D94,0x2D94,
    0x2D94,0x2D94,0x2D94,0x2D94,0x2D94,0x2D94,0x2D94,0x2D94,0x2D94,0x2D94,0x2D94,0x2D94,
    0x2D94,0x2D94,0x2D94,0x3A5C,0x3A5C,0x3A5C,0x3A5C,0x3A5C,0x3A5C,0x3A5C,0x3A5C,0x3A5C,
    0x20C8,0x20C8,0x20C8,0x20C8,0x20C8,0x20C8,0x20C8,0x20C8,0x20C8,0x20C8,0x20C8,0x20C8,
    0x20C8,0x20C8,0x20C8,0x20C8,0x20C8,0x20C8,0x20C8,0x20C8,0x1886,0x0000,0x0000,0x0000,
    0x0000,0x0000,0x1886,0x1886,0x1886,0x1886,0x1886,0x20C8,0x20C8,0x20C8,0x20C8,0x20C8,
    0x20C8,0x20C8,0x20C8,0x53BE,0x3A5C,0x3A5C,0x3A5C,0x3A5C,0x3A5C,0x3A5C,0x3A5C,0x3A5C,
    0x3A5C,0x3A5C,0x3A5C,0x3A5C,0x3A5C,0x3A5C,0x3A5C,0x3A5C,0x3A5C,0x3A5C,0x3A5C,0x3A5C,
    0x3A5C,0x3A5C,0x3A5C,0x3A5C,0x3A5C,0x3A5C,0x3A5C,0x3A5C,0x3A5C,0x3A5C,0x3A5C,0x3A5C,
    0x3A5C,0x3A5C,0x3A5C,0x3A5C,0x3A5C,0x3A5C,0x3A5C,0x3A5C,0x3A5C,0x3A5C,0x3A5C,0x3A5C,
    0x3A5C,0x3A5C,0x3A5C,0x2D94,0x2D94,0x2D94,0x3A5C,0x2D94,0x2D94,0x3A5C,0x3A5C,0x3A5C,
    0x3A5C,0x3A5C,0x2D94,0x2D94,0x2D94,0x2D94,0x2D94,0x2D94,0x2D94,0x2D94,0x2D94,0x2D94,
    0x2D94,0x2D94,0x3A5C,0x3A5C,0x3A5C,0x3A5C,0x3A5C,0x3A5C,0x3A5C,0x3A5C,0x3A5C,0x3A5C,
    0x3A5C,0x3A5C,0x3A5C,0x3A5C,0x3A5C,0x3A5C,0x3A5C,0x3A5C,0x3A5C,0x3A5C,0x3A5C,0x3A5C,
    0x3A5C,0x3A5C,0x3A5C,0x3A5C,0x3A5C,0x3A5C,0x3A5C,0x3A5C,0x3A5C,0x3A5C,0x2D94,0x2D94,
    0x2D94,0x2D94,0x2D94,0x2D94,0x2D94,0x2D94,0x2D94,0x2D94,0x2D94,0x2D94,0x2D94,0x3A5C,
    0x3A5C,0x3A5C,0x3A5C,0x2D94,0x2D94,0x2D94,0x2D94,0x2D94,0x3A5C,0x3A5C,0x3A5C,0x3A5C,
    0x3A5C,0x3A5C,0x3A5C,0x3A5C,0x3A5C,0x3A5C,0x3A5C,0x3A5C,0x3A5C,0x3A5C,0x3A5C,0x3A5C,
    0x3A5C,0x3A5C,0x3A5C,0x3A5C,0x3A5C,0x3A5C,0x3A5C,0x3A5C,0x3A5C,0x2D94,0x2D94,0x2D94,
    0x2D94,0x2D94,0x2D94,0x2D94,0x2D94,0x2D94,0x2D94,0x2D94,0x2D94,0x2D94,0x2D94,0x3A5C,
    0x3A5C,0x3A5C,0x3A5C,0x3A5C,0x3A5C,0x2D94,0x3A5C,0x2D94,0x2D94,0x2D94,0x2D94,0x2D94,
    0x2D94,0x3A5C,0x2D94,0x3A5C,0x3A5C,0x3A5C,0x3A5C,0x3A5C,0x3A5C,0x3A5C,0x3A5C,0x3A5C,
    0x3A5C,0x3A5C,0x3A5C,0x3A5C,0x3A5C,0x3A5C,0x3A5C,0x3A5C,0x3A5C,0x3A5C,0x3A5C,0x3A5C,
    0x20C8,0x20C8,0x20C8,0x20C8,0x20C8,0x20C8,0x20C8,0x20C8,0x20C8,0x20C8,0x20C8,0x20C8,
    0x20C8,0x20C8,0x20C8,0x20C8,0x20C8,0x20C8,0x20C8,0x20C8,0x0000,0x0000,0x0000,0x0000,
    0x0000,0x0000,0x0000,0x1886,0x1886,0x1886,0x1886,0x1886,0x20C8,0x20C8,0x20C8,0x20C8,
    0x20C8,0x20C8,0x20C8,0x53BE,0x3A5C,0x0000,0x3A5C,0x3A5C,0x3A5C,0x3A5C,0x3A5C,0x3A5C,
    0x3A5C,0x3A5C,0x3A5C,0x3A5C,0x3A5C,0x3A5C,0x3A5C,0x3A5C,0x3A5C,0x3A5C,0x3A5C,0x3A5C,
    0x3A5C,0x3A5C,0x3A5C,0x3A5C,0x3A5C,0x3A5C,0x3A5C,0x3A5C,0x3A5C,0x3A5C,0x3A5C,0x3A5C,
    0x3A5C,0x3A5C,0x3A5C,0x3A5C,0x3A5C,0x3A5C,0x3A5C,0x3A5C,0x3A5C,0x3A5C,0x3A5C,0x3A5C,
    0x3A5C,0x3A5C,0x3A5C,0x3A5C,0x3A5C,0x2D94,0x2D94,0x3A5C,0x3A5C,0x3A5C,0x3A5C,0x3A5C,
    0x3A5C,0x3A5C,0x3A5C,0x2D94,0x2D94,0x2D94,0x2D94,0x2D94,0x2D94,0x2D94,0x2D94,0x3A5C,
    0x3A5C,0x3A5C,0x3A5C,0x3A5C,0x3A5C,0x3A5C,0x3A5C,0x3A5C,0x3A5C,0x3A5C,0x3A5C,0x3A5C,
    0x3A5C,0x3A5C,0x3A5C,0x3A5C,0x3A5C,0x3A5C,0x3A5C,0x3A5C,0x3A5C,0x3A5C,0x3A5C,0x3A5C,
    0x3A5C,0x3A5C,0x3A5C,0x3A5C,0x3A5C,0x3A5C,0x3A5C,0x3A5C,0x3A5C,0x3A5C,0x3A5C,0x3A5C,
    0x2D94,0x2D94,0x2D94,0x2D94,0x2D94,0x2D94,0x2D94,0x2D94,0x2D94,0x3A5C,0x3A5C,0x3A5C,
    0x3A5C,0x3A5C,0x3A5C,0x3A5C,0x3A5C,0x3A5C,0x3A5C,0x3A5C,0x3A5C,0x3A5C,0x3A5C,0x3A5C,
    0x3A5C,0x3A5C,0x3A5C,0x3A5C,0x3A5C,0x3A5C,0x3A5C,0x3A5C,0x3A5C,0x3A5C,0x3A5C,0x3A5C,
    0x3A5C,0x3A5C,0x3A5C,0x3A5C,0x3A5C,0x3A5C,0x3A5C,0x3A5C,0x3A5C,0x3A5C,0x2D94,0x2D94,
    0x2D94,0x2D94,0x2D94,0x2D94,0x2D94,0x2D94,0x2D94,0x2D94,0x2D94,0x2D94,0x3A5C,0x3A5C,
    0x3A5C,0x3A5C,0x3A5C,0x3A5C,0x3A5C,0x3A5C,0x2D94,0x3A5C,0x3A5C,0x3A5C,0x3A5C,0x3A5C,
    0x3A5C,0x3A5C,0x3A5C,0x3A5C,0x3A5C,0x3A5C,0x3A5C,0x3A5C,0x3A5C,0x3A5C,0x3A5C,0x3A5C,
    0x3A5C,0x3A5C,0x3A5C,0x3A5C,0x3A5C,0x3A5C,0x3A5C,0x3A5C,0x3A5C,0x3A5C,0x3A5C,0x3A5C,
    0x20C8,0x20C8,0x20C8,0x20C8,0x20C8,0x20C8,0x20C8,0x20C8,0x20C8,0x20C8,0x20C8,0x20C8,
    0x20C8,0x20C8,0x20C8,0x20C8,0x20C8,0x20C8,0x20C8,0x20C8,0x0000,0x0000,0x0000,0x0000,
    0x0000,0x0000,0x0000,0x0000,0x1886,0x1886,0x1886,0x1886,0x20C8,0x0000,0x0000,0x0000,
    0x0000,0x0000,0x0000,0x0000,0x0000,0x0000,0x0000,0x0000,0x0000,0x0000,0x3A5C,0x3A5C,
    0x3A5C,0x3A5C,0x3A5C,0x3A5C,0x3A5C,0x3A5C,0x3A5C,0x3A5C,0x3A5C,0x3A5C,0x3A5C,0x3A5C,
    0x3A5C,0x3A5C,0x3A5C,0x3A5C,0x3A5C,0x3A5C,0x3A5C,0x53BE,0x3A5C,0x3A5C,0x3A5C,0x3A5C,
    0x3A5C,0x3A5C,0x3A5C,0x3A5C,0x3A5C,0x3A5C,0x3A5C,0x3A5C,0x3A5C,0x3A5C,0x3A5C,0x3A5C,
    0x3A5C,0x3A5C,0x3A5C,0x3A5C,0x3A5C,0x3A5C,0x3A5C,0x3A5C,0x3A5C,0x3A5C,0x3A5C,0x3A5C,
    0x3A5C,0x3A5C,0x3A5C,0x3A5C,0x2D94,0x2D94,0x2D94,0x2D94,0x2D94,0x3A5C,0x3A5C,0x3A5C,
    0x3A5C,0x3A5C,0x3A5C,0x3A5C,0x3A5C,0x3A5C,0x3A5C,0x3A5C,0x3A5C,0x3A5C,0x3A5C,0x3A5C,
    0x3A5C,0x3A5C,0x3A5C,0x3A5C,0x3A5C,0x3A5C,0x3A5C,0x3A5C,0x3A5C,0x3A5C,0x3A5C,0x3A5C,
    0x3A5C,0x3A5C,0x3A5C,0x3A5C,0x3A5C,0x3A5C,0x3A5C,0x3A5C,0x3A5C,0x3A5C,0x3A5C,0x3A5C,
    0x2D94,0x2D94,0x2D94,0x2D94,0x2D94,0x2D94,0x2D94,0x3A5C,0x3A5C,0x3A5C,0x3A5C,0x3A5C,
    0x3A5C,0x3A5C,0x3A5C,0x3A5C,0x3A5C,0x3A5C,0x3A5C,0x3A5C,0x3A5C,0x3A5C,0x3A5C,0x3A5C,
    0x3A5C,0x3A5C,0x3A5C,0x3A5C,0x3A5C,0x3A5C,0x3A5C,0x3A5C,0x3A5C,0x3A5C,0x3A5C,0x3A5C,
    0x3A5C,0x3A5C,0x3A5C,0x3A5C,0x3A5C,0x3A5C,0x3A5C,0x3A5C,0x3A5C,0x3A5C,0x2D94,0x2D94,
    0x2D94,0x2D94,0x2D94,0x2D94,0x2D94,0x2D94,0x2D94,0x2D94,0x3A5C,0x3A5C,0x3A5C,0x3A5C,
    0x3A5C,0x3A5C,0x3A5C,0x3A5C,0x3A5C,0x3A5C,0x3A5C,0x3A5C,0x3A5C,0x3A5C,0x3A5C,0x3A5C,
    0x3A5C,0x3A5C,0x3A5C,0x3A5C,0x3A5C,0x3A5C,0x3A5C,0x3A5C,0x3A5C,0x3A5C,0x3A5C,0x3A5C,
    0x3A5C,0x3A5C,0x3A5C,0x3A5C,0x3A5C,0x3A5C,0x3A5C,0x3A5C,0x3A5C,0x3A5C,0x3A5C,0x3A5C,
    0x20C8,0x20C8,0x20C8,0x20C8,0x20C8,0x20C8,0x20C8,0x20C8,0x20C8,0x20C8,0x20C8,0x20C8,
    0x20C8,0x20C8,0x20C8,0x20C8,0x20C8,0x20C8,0x20C8,0x1886,0x0000,0x0000,0x0000,0x0000,
    0x0000,0x0000,0x0000,0x0000,0x1886,0x1886,0x1886,0x1886,0x20C8,0x0000,0x0000,0x0000,
    0x0000,0x0000,0x0000,0x0000,0x0000,0x20C8,0x20C8,0x20C8,0x20C8,0x3A5C,0x3A5C,0x3A5C,
    0x3A5C,0x3A5C,0x3A5C,0x3A5C,0x3A5C,0x3A5C,0x3A5C,0x3A5C,0x3A5C,0x3A5C,0x3A5C,0x3A5C,
    0x3A5C,0x3A5C,0x53BE,0x53BE,0x53BE,0x53BE,0x3A5C,0x53BE,0x53BE,0x3A5C,0x3A5C,0x3A5C,
    0x3A5C,0x3A5C,0x3A5C,0x3A5C,0x3A5C,0x3A5C,0x3A5C,0x3A5C,0x3A5C,0x3A5C,0x3A5C,0x3A5C,
    0x3A5C,0x3A5C,0x3A5C,0x3A5C,0x3A5C,0x3A5C,0x3A5C,0x3A5C,0x3A5C,0x3A5C,0x3A5C,0x3A5C,
    0x3A5C,0x3A5C,0x3A5C,0x3A5C,0x3A5C,0x2D94,0x3A5C,0x3A5C,0x3A5C,0x3A5C,0x3A5C,0x3A5C,
    0x3A5C,0x3A5C,0x3A5C,0x3A5C,0x3A5C,0x3A5C,0x3A5C,0x3A5C,0x3A5C,0x3A5C,0x3A5C,0x3A5C,
    0x3A5C,0x3A5C,0x3A5C,0x3A5C,0x3A5C,0x3A5C,0x3A5C,0x3A5C,0x3A5C,0x3A5C,0x3A5C,0x3A5C,
    0x3A5C,0x3A5C,0x3A5C,0x3A5C,0x3A5C,0x3A5C,0x3A5C,0x3A5C,0x3A5C,0x3A5C,0x3A5C,0x3A5C,
    0x3A5C,0x3A5C,0x2D94,0x2D94,0x2D94,0x2D94,0x3A5C,0x3A5C,0x3A5C,0x3A5C,0x3A5C,0x3A5C,
    0x3A5C,0x3A5C,0x3A5C,0x3A5C,0x3A5C,0x3A5C,0x3A5C,0x3A5C,0x3A5C,0x3A5C,0x3A5C,0x3A5C,
    0x3A5C,0x3A5C,0x3A5C,0x3A5C,0x3A5C,0x3A5C,0x3A5C,0x3A5C,0x3A5C,0x3A5C,0x3A5C,0x3A5C,
    0x3A5C,0x3A5C,0x3A5C,0x3A5C,0x3A5C,0x3A5C,0x3A5C,0x3A5C,0x3A5C,0x3A5C,0x3A5C,0x2D94,
    0x2D94,0x2D94,0x2D94,0x2D94,0x2D94,0x2D94,0x2D94,0x3A5C,0x3A5C,0x3A5C,0x3A5C,0x3A5C,
    0x3A5C,0x3A5C,0x3A5C,0x3A5C,0x3A5C,0x3A5C,0x3A5C,0x3A5C,0x3A5C,0x3A5C,0x3A5C,0x3A5C,
    0x3A5C,0x3A5C,0x3A5C,0x3A5C,0x3A5C,0x3A5C,0x3A5C,0x3A5C,0x3A5C,0x3A5C,0x3A5C,0x3A5C,
    0x3A5C,0x3A5C,0x3A5C,0x3A5C,0x3A5C,0x3A5C,0x3A5C,0x3A5C,0x3A5C,0x3A5C,0x3A5C,0x3A5C,
    0x20C8,0x20C8,0x20C8,0x20C8,0x20C8,0x20C8,0x20C8,0x20C8,0x20C8,0x20C8,0x20C8,0x20C8,
    0x20C8,0x20C8,0x20C8,0x20C8,0x20C8,0x20C8,0x20C8,0x20C8,0x0000,0x0000,0x0000,0x0000,
    0x0000,0x0000,0x0000,0x0000,0x1886,0x1886,0x1886,0x1886,0x1886,0x3A5C,0x3A5C,0x3A5C,
    0x3A5C,0x3A5C,0x3A5C,0x3A5C,0x3A5C,0x3A5C,0x3A5C,0x3A5C,0x3A5C,0x3A5C,0x3A5C,0x3A5C,
    0x3A5C,0x3A5C,0x3A5C,0x3A5C,0x3A5C,0x3A5C,0x3A5C,0x3A5C,0x3A5C,0x3A5C,0x3A5C,0x53BE,
    0x53BE,0x53BE,0x53BE,0x53BE,0x53BE,0x53BE,0x53BE,0x0000,0x53BE,0x53BE,0x3A5C,0x20C8,
    0x3A5C,0x3A5C,0x3A5C,0x3A5C,0x3A5C,0x3A5C,0x3A5C,0x3A5C,0x3A5C,0x3A5C,0x3A5C,0x3A5C,
    0x3A5C,0x3A5C,0x3A5C,0x3A5C,0x3A5C,0x3A5C,0x3A5C,0x3A5C,0x3A5C,0x3A5C,0x3A5C,0x3A5C,
    0x3A5C,0x3A5C,0x3A5C,0x3A5C,0x3A5C,0x3A5C,0x3A5C,0x3A5C,0x3A5C,0x3A5C,0x3A5C,0x3A5C,
    0x3A5C,0x3A5C,0x3A5C,0x3A5C,0x3A5C,0x3A5C,0x3A5C,0x3A5C,0x3A5C,0x3A5C,0x3A5C,0x3A5C,
    0x3A5C,0x3A5C,0x3A5C,0x3A5C,0x3A5C,0x3A5C,0x3A5C,0x3A5C,0x3A5C,0x3A5C,0x3A5C,0x3A5C,
    0x3A5C,0x3A5C,0x3A5C,0x3A5C,0x3A5C,0x3A5C,0x3A5C,0x3A5C,0x3A5C,0x3A5C,0x3A5C,0x3A5C,
    0x3A5C,0x3A5C,0x3A5C,0x3A5C,0x3A5C,0x3A5C,0x3A5C,0x3A5C,0x3A5C,0x3A5C,0x3A5C,0x3A5C,
    0x3A5C,0x3A5C,0x3A5C,0x3A5C,0x3A5C,0x3A5C,0x3A5C,0x3A5C,0x3A5C,0x3A5C,0x3A5C,0x3A5C,
    0x3A5C,0x3A5C,0x3A5C,0x3A5C,0x3A5C,0x3A5C,0x3A5C,0x3A5C,0x3A5C,0x3A5C,0x3A5C,0x3A5C,
    0x3A5C,0x3A5C,0x3A5C,0x3A5C,0x3A5C,0x3A5C,0x3A5C,0x3A5C,0x3A5C,0x3A5C,0x3A5C,0x3A5C,
    0x3A5C,0x3A5C,0x3A5C,0x3A5C,0x3A5C,0x3A5C,0x3A5C,0x3A5C,0x3A5C,0x3A5C,0x3A5C,0x3A5C,
    0x3A5C,0x3A5C,0x3A5C,0x3A5C,0x3A5C,0x3A5C,0x3A5C,0x3A5C,0x3A5C,0x3A5C,0x3A5C,0x3A5C,
    0x3A5C,0x3A5C,0x3A5C,0x3A5C,0x3A5C,0x3A5C,0x3A5C,0x3A5C,0x3A5C,0x3A5C,0x3A5C,0x3A5C,
    0x3A5C,0x3A5C,0x3A5C,0x3A5C,0x3A5C,0x3A5C,0x3A5C,0x3A5C,0x3A5C,0x3A5C,0x3A5C,0x3A5C,
    0x20C8,0x20C8,0x20C8,0x20C8,0x20C8,0x20C8,0x20C8,0x20C8,0x20C8,0x20C8,0x20C8,0x20C8,
    0x20C8,0x20C8,0x20C8,0x20C8,0x20C8,0x20C8,0x20C8,0x1886,0x1886,0x1886,0x1886,0x1886,
    0x53BE,0x53BE,0x53BE,0x53BE,0x3A5C,0x3A5C,0x3A5C,0x3A5C,0x3A5C,0x3A5C,0x3A5C,0x3A5C,
    0x3A5C,0x3A5C,0x3A5C,0x3A5C,0x3A5C,0x3A5C,0x3A5C,0x3A5C,0x3A5C,0x3A5C,0x3A5C,0x3A5C,
    0x3A5C,0x3A5C,0x3A5C,0x3A5C,0x53BE,0x53BE,0x53BE,0x53BE,0x53BE,0x53BE,0x53BE,0x53BE,
    0x53BE,0x53BE,0x53BE,0x53BE,0x53BE,0x53BE,0x53BE,0x53BE,0x20C8,0x20C8,0x53BE,0x0000,
    0x20C8,0x3A5C,0x3A5C,0x3A5C,0x3A5C,0x3A5C,0x3A5C,0x3A5C,0x3A5C,0x3A5C,0x3A5C,0x3A5C,
    0x3A5C,0x3A5C,0x3A5C,0x3A5C,0x3A5C,0x3A5C,0x3A5C,0x3A5C,0x3A5C,0x3A5C,0x3A5C,0x3A5C,
    0x3A5C,0x3A5C,0x3A5C,0x3A5C,0x3A5C,0x3A5C,0x3A5C,0x3A5C,0x3A5C,0x3A5C,0x3A5C,0x3A5C,
    0x3A5C,0x3A5C,0x3A5C,0x3A5C,0x3A5C,0x3A5C,0x3A5C,0x3A5C,0x3A5C,0x3A5C,0x3A5C,0x3A5C,
    0x3A5C,0x3A5C,0x3A5C,0x3A5C,0x3A5C,0x3A5C,0x3A5C,0x3A5C,0x3A5C,0x3A5C,0x3A5C,0x3A5C,
    0x3A5C,0x3A5C,0x3A5C,0x3A5C,0x3A5C,0x3A5C,0x3A5C,0x3A5C,0x3A5C,0x3A5C,0x3A5C,0x3A5C,
    0x3A5C,0x3A5C,0x3A5C,0x3A5C,0x3A5C,0x3A5C,0x3A5C,0x3A5C,0x3A5C,0x3A5C,0x3A5C,0x3A5C,
    0x3A5C,0x3A5C,0x3A5C,0x3A5C,0x3A5C,0x3A5C,0x3A5C,0x3A5C,0x3A5C,0x3A5C,0x3A5C,0x3A5C,
    0x3A5C,0x3A5C,0x3A5C,0x3A5C,0x3A5C,0x3A5C,0x3A5C,0x3A5C,0x3A5C,0x3A5C,0x3A5C,0x3A5C,
    0x3A5C,0x3A5C,0x3A5C,0x3A5C,0x3A5C,0x3A5C,0x3A5C,0x3A5C,0x3A5C,0x3A5C,0x3A5C,0x3A5C,
    0x3A5C,0x3A5C,0x3A5C,0x3A5C,0x3A5C,0x3A5C,0x3A5C,0x3A5C,0x3A5C,0x3A5C,0x3A5C,0x3A5C,
    0x3A5C,0x3A5C,0x3A5C,0x3A5C,0x3A5C,0x3A5C,0x3A5C,0x3A5C,0x3A5C,0x3A5C,0x3A5C,0x3A5C,
    0x3A5C,0x3A5C,0x3A5C,0x3A5C,0x3A5C,0x3A5C,0x3A5C,0x3A5C,0x3A5C,0x3A5C,0x3A5C,0x3A5C,
    0x3A5C,0x3A5C,0x3A5C,0x3A5C,0x3A5C,0x3A5C,0x3A5C,0x3A5C,0x3A5C,0x3A5C,0x3A5C,0x3A5C,
    0x20C8,0x20C8,0x20C8,0x20C8,0x20C8,0x20C8,0x20C8,0x20C8,0x20C8,0x20C8,0x20C8,0x20C8,
    0x20C8,0x20C8,0x20C8,0x20C8,0x20C8,0x0000,0x0000,0x3A5C,0x3A5C,0x3A5C,0x3A5C,0x53BE,
    0x53BE,0x53BE,0x53BE,0x53BE,0x53BE,0x3A5C,0x3A5C,0x3A5C,0x3A5C,0x3A5C,0x3A5C,0x3A5C,
    0x3A5C,0x3A5C,0x3A5C,0x3A5C,0x3A5C,0x3A5C,0x3A5C,0x3A5C,0x3A5C,0x3A5C,0x3A5C,0x3A5C,
    0x3A5C,0x3A5C,0x3A5C,0x3A5C,0x3A5C,0x53BE,0x53BE,0x53BE,0x53BE,0x53BE,0x53BE,0x53BE,
    0x53BE,0x53BE,0x53BE,0x53BE,0x53BE,0x53BE,0x53BE,0x53BE,0x53BE,0x20C8,0x20C8,0x53BE,
    0x0000,0x20C8,0x3A5C,0x3A5C,0x3A5C,0x3A5C,0x3A5C,0x3A5C,0x3A5C,0x3A5C,0x3A5C,0x3A5C,
    0x3A5C,0x3A5C,0x3A5C,0x3A5C,0x3A5C,0x3A5C,0x3A5C,0x3A5C,0x3A5C,0x3A5C,0x3A5C,0x3A5C,
    0x3A5C,0x3A5C,0x3A5C,0x3A5C,0x3A5C,0x3A5C,0x3A5C,0x3A5C,0x3A5C,0x3A5C,0x3A5C,0x3A5C,
    0x3A5C,0x3A5C,0x3A5C,0x3A5C,0x3A5C,0x3A5C,0x3A5C,0x3A5C,0x3A5C,0x3A5C,0x3A5C,0x3A5C,
    0x3A5C,0x3A5C,0x3A5C,0x3A5C,0x3A5C,0x3A5C,0x3A5C,0x3A5C,0x3A5C,0x3A5C,0x3A5C,0x3A5C,
    0x3A5C,0x3A5C,0x3A5C,0x3A5C,0x3A5C,0x3A5C,0x3A5C,0x3A5C,0x3A5C,0x3A5C,0x3A5C,0x3A5C,
    0x3A5C,0x3A5C,0x3A5C,0x3A5C,0x3A5C,0x3A5C,0x3A5C,0x3A5C,0x3A5C,0x3A5C,0x3A5C,0x3A5C,
    0x3A5C,0x3A5C,0x3A5C,0x3A5C,0x3A5C,0x3A5C,0x3A5C,0x3A5C,0x3A5C,0x3A5C,0x3A5C,0x3A5C,
    0x3A5C,0x3A5C,0x3A5C,0x3A5C,0x3A5C,0x3A5C,0x3A5C,0x3A5C,0x3A5C,0x3A5C,0x3A5C,0x3A5C,
    0x3A5C,0x3A5C,0x3A5C,0x3A5C,0x3A5C,0x3A5C,0x3A5C,0x3A5C,0x3A5C,0x3A5C,0x3A5C,0x3A5C,
    0x3A5C,0x3A5C,0x3A5C,0x3A5C,0x3A5C,0x3A5C,0x3A5C,0x3A5C,0x3A5C,0x3A5C,0x3A5C,0x3A5C,
    0x3A5C,0x3A5C,0x3A5C,0x3A5C,0x3A5C,0x3A5C,0x3A5C,0x3A5C,0x3A5C,0x3A5C,0x3A5C,0x3A5C,
    0x3A5C,0x3A5C,0x3A5C,0x3A5C,0x3A5C,0x3A5C,0x3A5C,0x3A5C,0x3A5C,0x3A5C,0x3A5C,0x3A5C,
    0x3A5C,0x3A5C,0x3A5C,0x3A5C,0x3A5C,0x3A5C,0x3A5C,0x3A5C,0x3A5C,0x3A5C,0x3A5C,0x3A5C,
    0x20C8,0x20C8,0x20C8,0x20C8,0x20C8,0x20C8,0x20C8,0x20C8,0x20C8,0x20C8,0x20C8,0x20C8,
    0x20C8,0x20C8,0x20C8,0x0000,0x0000,0x2D94,0x3A5C,0x3A5C,0x3A5C,0x3A5C,0x3A5C,0x3A5C,
    0x53BE,0x53BE,0x53BE,0x53BE,0x53BE,0x53BE,0x53BE,0x53BE,0x3A5C,0x3A5C,0x3A5C,0x3A5C,
    0x3A5C,0x3A5C,0x3A5C,0x3A5C,0x3A5C,0x3A5C,0x3A5C,0x3A5C,0x3A5C,0x3A5C,0x3A5C,0x53BE,
    0x53BE,0x53BE,0x53BE,0x53BE,0x53BE,0x53BE,0x53BE,0x53BE,0x53BE,0x53BE,0x53BE,0x53BE,
    0x53BE,0x53BE,0x53BE,0x53BE,0x53BE,0x0000,0x53BE,0x53BE,0x53BE,0x53BE,0x20C8,0x20C8,
    0x20C8,0x20C8,0x20C8,0x3A5C,0x3A5C,0x3A5C,0x3A5C,0x3A5C,0x3A5C,0x3A5C,0x3A5C,0x3A5C,
    0x3A5C,0x3A5C,0x3A5C,0x3A5C,0x3A5C,0x3A5C,0x3A5C,0x3A5C,0x3A5C,0x3A5C,0x3A5C,0x3A5C,
    0x3A5C,0x3A5C,0x3A5C,0x3A5C,0x3A5C,0x3A5C,0x3A5C,0x3A5C,0x3A5C,0x3A5C,0x3A5C,0x3A5C,
    0x3A5C,0x3A5C,0x3A5C,0x3A5C,0x3A5C,0x3A5C,0x3A5C,0x3A5C,0x3A5C,0x3A5C,0x3A5C,0x3A5C,
    0x3A5C,0x3A5C,0x3A5C,0x3A5C,0x3A5C,0x3A5C,0x3A5C,0x3A5C,0x3A5C,0x3A5C,0x3A5C,0x3A5C,
    0x3A5C,0x3A5C,0x3A5C,0x3A5C,0x3A5C,0x3A5C,0x3A5C,0x3A5C,0x3A5C,0x3A5C,0x3A5C,0x3A5C,
    0x3A5C,0x3A5C,0x3A5C,0x3A5C,0x3A5C,0x3A5C,0x3A5C,0x3A5C,0x3A5C,0x3A5C,0x3A5C,0x3A5C,
    0x3A5C,0x3A5C,0x3A5C,0x3A5C,0x3A5C,0x3A5C,0x3A5C,0x3A5C,0x3A5C,0x3A5C,0x3A5C,0x3A5C,
    0x3A5C,0x3A5C,0x3A5C,0x3A5C,0x3A5C,0x3A5C,0x3A5C,0x3A5C,0x3A5C,0x3A5C,0x3A5C,0x3A5C,
    0x3A5C,0x3A5C,0x3A5C,0x3A5C,0x3A5C,0x3A5C,0x3A5C,0x3A5C,0x3A5C,0x3A5C,0x3A5C,0x3A5C,
    0x3A5C,0x3A5C,0x3A5C,0x3A5C,0x3A5C,0x3A5C,0x3A5C,0x3A5C,0x3A5C,0x3A5C,0x3A5C,0x3A5C,
    0x3A5C,0x3A5C,0x3A5C,0x3A5C,0x3A5C,0x3A5C,0x3A5C,0x3A5C,0x3A5C,0x3A5C,0x3A5C,0x3A5C,
    0x3A5C,0x3A5C,0x3A5C,0x3A5C,0x3A5C,0x3A5C,0x3A5C,0x3A5C,0x3A5C,0x3A5C,0x3A5C,0x3A5C,
    0x3A5C,0x3A5C,0x3A5C,0x3A5C,0x3A5C,0x3A5C,0x3A5C,0x3A5C,0x3A5C,0x3A5C,0x3A5C,0x3A5C,
    0x20C8,0x2D94,0x2D94,0x2D94,0x2D94,0x2D94,0x0000,0x0000,0x0000,0x0000,0x0000,0x0000,
    0x0000,0x0000,0x2D94,0x2D94,0x2D94,0x2D94,0x2D94,0x2D94,0x3A5C,0x3A5C,0x3A5C,0x3A5C,
    0x3A5C,0x3A5C,0x53BE,0x53BE,0x53BE,0x20C8,0x53BE,0x53BE,0x53BE,0x53BE,0x3A5C,0x3A5C,
    0x3A5C,0x3A5C,0x3A5C,0x3A5C,0x3A5C,0x3A5C,0x3A5C,0x3A5C,0x53BE,0x53BE,0x53BE,0x53BE,
    0x53BE,0x53BE,0x53BE,0x53BE,0x53BE,0x53BE,0x53BE,0x53BE,0x53BE,0x53BE,0x53BE,0x53BE,
    0x53BE,0x53BE,0x53BE,0x53BE,0x53BE,0x53BE,0x53BE,0x53BE,0x53BE,0x53BE,0x53BE,0x53BE,
    0x20C8,0x20C8,0x20C8,0x20C8,0x3A5C,0x3A5C,0x3A5C,0x3A5C,0x3A5C,0x3A5C,0x3A5C,0x3A5C,
    0x3A5C,0x3A5C,0x3A5C,0x3A5C,0x3A5C,0x3A5C,0x3A5C,0x3A5C,0x3A5C,0x3A5C,0x3A5C,0x3A5C,
    0x3A5C,0x3A5C,0x3A5C,0x3A5C,0x3A5C,0x3A5C,0x3A5C,0x3A5C,0x3A5C,0x3A5C,0x3A5C,0x3A5C,
    0x3A5C,0x3A5C,0x3A5C,0x3A5C,0x3A5C,0x3A5C,0x3A5C,0x3A5C,0x3A5C,0x3A5C,0x3A5C,0x3A5C,
    0x3A5C,0x3A5C,0x3A5C,0x3A5C,0x3A5C,0x3A5C,0x3A5C,0x3A5C,0x3A5C,0x3A5C,0x3A5C,0x3A5C,
    0x3A5C,0x3A5C,0x3A5C,0x3A5C,0x3A5C,0x3A5C,0x3A5C,0x3A5C,0x3A5C,0x3A5C,0x3A5C,0x3A5C,
    0x3A5C,0x3A5C,0x3A5C,0x3A5C,0x3A5C,0x3A5C,0x3A5C,0x3A5C,0x3A5C,0x3A5C,0x3A5C,0x3A5C,
    0x3A5C,0x3A5C,0x3A5C,0x3A5C,0x3A5C,0x3A5C,0x3A5C,0x3A5C,0x3A5C,0x3A5C,0x3A5C,0x3A5C,
    0x3A5C,0x3A5C,0x3A5C,0x3A5C,0x3A5C,0x3A5C,0x3A5C,0x3A5C,0x3A5C,0x3A5C,0x3A5C,0x3A5C,
    0x3A5C,0x3A5C,0x3A5C,0x3A5C,0x3A5C,0x3A5C,0x3A5C,0x3A5C,0x3A5C,0x3A5C,0x3A5C,0x3A5C,
    0x3A5C,0x3A5C,0x3A5C,0x3A5C,0x3A5C,0x3A5C,0x3A5C,0x3A5C,0x3A5C,0x3A5C,0x3A5C,0x3A5C,
    0x3A5C,0x3A5C,0x3A5C,0x3A5C,0x3A5C,0x3A5C,0x3A5C,0x3A5C,0x3A5C,0x3A5C,0x3A5C,0x3A5C,
    0x3A5C,0x3A5C,0x3A5C,0x3A5C,0x3A5C,0x3A5C,0x3A5C,0x3A5C,0x3A5C,0x3A5C,0x3A5C,0x3A5C,
    0x3A5C,0x3A5C,0x3A5C,0x3A5C,0x3A5C,0x3A5C,0x3A5C,0x3A5C,0x3A5C,0x3A5C,0x3A5C,0x3A5C,
    0x2D94,0x2D94,0x2D94,0x2D94,0x2D94,0x2D94,0x2D94,0x2D94,0x2D94,0x2D94,0x2D94,0x2D94,
    0x2D94,0x2D94,0x2D94,0x2D94,0x2D94,0x2D94,0x2D94,0x2D94,0x2D94,0x2D94,0x2D94,0x2D94,
    0x2D94,0x2D94,0x2D94,0x2D94,0x53BE,0x53BE,0x20C8,0x53BE,0x53BE,0x53BE,0x20C8,0x53BE,
    0x53BE,0x53BE,0x53BE,0x53BE,0x53BE,0x53BE,0x53BE,0x53BE,0x53BE,0x53BE,0x53BE,0x53BE,
    0x53BE,0x53BE,0x53BE,0x53BE,0x53BE,0x53BE,0x53BE,0x53BE,0x53BE,0x53BE,0x53BE,0x53BE,
    0x53BE,0x53BE,0x53BE,0x53BE,0x53BE,0x53BE,0x53BE,0x53BE,0x53BE,0x53BE,0x53BE,0x53BE,
    0x53BE,0x53BE,0x53BE,0x0000,0x20C8,0x3A5C,0x3A5C,0x3A5C,0x3A5C,0x3A5C,0x3A5C,0x3A5C,
    0x3A5C,0x3A5C,0x3A5C,0x3A5C,0x3A5C,0x3A5C,0x3A5C,0x3A5C,0x3A5C,0x3A5C,0x3A5C,0x3A5C,
    0x3A5C,0x3A5C,0x3A5C,0x3A5C,0x3A5C,0x3A5C,0x3A5C,0x3A5C,0x3A5C,0x3A5C,0x3A5C,0x3A5C,
    0x3A5C,0x3A5C,0x3A5C,0x3A5C,0x3A5C,0x3A5C,0x3A5C,0x3A5C,0x3A5C,0x3A5C,0x3A5C,0x3A5C,
    0x3A5C,0x3A5C,0x3A5C,0x3A5C,0x3A5C,0x3A5C,0x3A5C,0x3A5C,0x3A5C,0x3A5C,0x3A5C,0x3A5C,
    0x3A5C,0x3A5C,0x3A5C,0x3A5C,0x3A5C,0x3A5C,0x3A5C,0x3A5C,0x3A5C,0x3A5C,0x3A5C,0x3A5C,
    0x3A5C,0x3A5C,0x3A5C,0x3A5C,0x3A5C,0x3A5C,0x3A5C,0x3A5C,0x3A5C,0x3A5C,0x3A5C,0x3A5C,
    0x3A5C,0x3A5C,0x3A5C,0x3A5C,0x3A5C,0x3A5C,0x3A5C,0x3A5C,0x3A5C,0x3A5C,0x3A5C,0x3A5C,
    0x3A5C,0x3A5C,0x3A5C,0x3A5C,0x3A5C,0x3A5C,0x3A5C,0x3A5C,0x3A5C,0x3A5C,0x3A5C,0x3A5C,
    0x3A5C,0x3A5C,0x3A5C,0x3A5C,0x3A5C,0x3A5C,0x3A5C,0x3A5C,0x3A5C,0x3A5C,0x3A5C,0x3A5C,
    0x3A5C,0x3A5C,0x3A5C,0x3A5C,0x3A5C,0x3A5C,0x3A5C,0x3A5C,0x3A5C,0x3A5C,0x3A5C,0x3A5C,
    0x3A5C,0x3A5C,0x3A5C,0x3A5C,0x3A5C,0x3A5C,0x3A5C,0x3A5C,0x3A5C,0x3A5C,0x3A5C,0x3A5C,
    0x3A5C,0x3A5C,0x3A5C,0x3A5C,0x3A5C,0x3A5C,0x3A5C,0x3A5C,0x3A5C,0x3A5C,0x3A5C,0x3A5C,
    0x3A5C,0x3A5C,0x3A5C,0x3A5C,0x3A5C,0x3A5C,0x3A5C,0x3A5C,0x3A5C,0x3A5C,0x3A5C,0x3A5C,
    0x2D94,0x2D94,0x2D94,0x2D94,0x2D94,0x2D94,0x2D94,0x2D94,0x2D94,0x2D94,0x2D94,0x2D94,
    0x2D94,0x2D94,0x2D94,0x2D94,0x2D94,0x2D94,0x2D94,0x2D94,0x2D94,0x2D94,0x2D94,0x2D94,
    0x2D94,0x2D94,0x2D94,0x2D94,0x2D94,0x53BE,0x53BE,0x20C8,0x20C8,0x53BE,0x53BE,0x20C8,
    0x53BE,0x53BE,0x53BE,0x53BE,0x53BE,0x53BE,0x53BE,0x53BE,0x53BE,0x53BE,0x53BE,0x53BE,
    0x0000,0x0000,0x0000,0x0000,0x0000,0x0000,0x53BE,0x53BE,0x53BE,0x53BE,0x53BE,0x53BE,
    0x53BE,0x53BE,0x53BE,0x53BE,0x53BE,0x53BE,0x53BE,0x53BE,0x53BE,0x53BE,0x53BE,0x53BE,
    0x53BE,0x53BE,0x53BE,0x53BE,0x53BE,0x20C8,0x20C8,0x20C8,0x3A5C,0x3A5C,0x3A5C,0x3A5C,
    0x3A5C,0x3A5C,0x3A5C,0x3A5C,0x3A5C,0x3A5C,0x3A5C,0x3A5C,0x3A5C,0x3A5C,0x3A5C,0x3A5C,
    0x3A5C,0x3A5C,0x3A5C,0x3A5C,0x3A5C,0x3A5C,0x3A5C,0x3A5C,0x3A5C,0x3A5C,0x3A5C,0x3A5C,
    0x3A5C,0x3A5C,0x3A5C,0x3A5C,0x3A5C,0x3A5C,0x3A5C,0x3A5C,0x3A5C,0x3A5C,0x3A5C,0x3A5C,
    0x3A5C,0x3A5C,0x3A5C,0x3A5C,0x3A5C,0x3A5C,0x3A5C,0x3A5C,0x3A5C,0x3A5C,0x3A5C,0x3A5C,
    0x3A5C,0x3A5C,0x3A5C,0x3A5C,0x3A5C,0x3A5C,0x3A5C,0x3A5C,0x3A5C,0x3A5C,0x3A5C,0x3A5C,
    0x3A5C,0x3A5C,0x3A5C,0x3A5C,0x3A5C,0x3A5C,0x3A5C,0x3A5C,0x3A5C,0x3A5C,0x3A5C,0x3A5C,
    0x3A5C,0x3A5C,0x3A5C,0x3A5C,0x3A5C,0x3A5C,0x3A5C,0x3A5C,0x3A5C,0x3A5C,0x3A5C,0x3A5C,
    0x3A5C,0x3A5C,0x3A5C,0x3A5C,0x3A5C,0x3A5C,0x3A5C,0x3A5C,0x3A5C,0x3A5C,0x3A5C,0x3A5C,
    0x3A5C,0x3A5C,0x3A5C,0x3A5C,0x3A5C,0x3A5C,0x3A5C,0x3A5C,0x3A5C,0x3A5C,0x3A5C,0x3A5C,
    0x3A5C,0x3A5C,0x3A5C,0x3A5C,0x3A5C,0x3A5C,0x3A5C,0x3A5C,0x3A5C,0x3A5C,0x3A5C,0x3A5C,
    0x3A5C,0x3A5C,0x3A5C,0x3A5C,0x3A5C,0x3A5C,0x3A5C,0x3A5C,0x3A5C,0x3A5C,0x3A5C,0x3A5C,
    0x3A5C,0x3A5C,0x3A5C,0x3A5C,0x3A5C,0x3A5C,0x3A5C,0x3A5C,0x3A5C,0x3A5C,0x3A5C,0x3A5C,
    0x3A5C,0x3A5C,0x3A5C,0x3A5C,0x3A5C,0x3A5C,0x3A5C,0x3A5C,0x3A5C,0x3A5C,0x3A5C,0x3A5C,
    0x2D94,0x2D94,0x2D94,0x2D94,0x2D94,0x2D94,0x2D94,0x2D94,0x2D94,0x2D94,0x2D94,0x2D94,
    0x2D94,0x2D94,0x2D94,0x2D94,0x2D94,0x2D94,0x2D94,0x2D94,0x2D94,0x2D94,0x2D94,0x2D94,
    0x2D94,0x2D94,0x2D94,0x2D94,0x2D94,0x2D94,0x2D94,0x53BE,0x53BE,0x20C8,0x53BE,0x53BE,
    0x20C8,0x53BE,0x53BE,0x53BE,0x20C8,0x20C8,0x53BE,0x53BE,0x53BE,0x53BE,0x20C8,0x53BE,
    0x53BE,0x53BE,0x53BE,0x20C8,0x20C8,0x20C8,0x53BE,0x53BE,0x53BE,0x53BE,0x53BE,0x53BE,
    0x53BE,0x53BE,0x53BE,0x53BE,0x53BE,0x53BE,0x53BE,0x53BE,0x53BE,0x53BE,0x0000,0x0000,
    0x53BE,0x53BE,0x53BE,0x53BE,0x53BE,0x53BE,0x20C8,0x20C8,0x20C8,0x20C8,0x20C8,0x3A5C,
    0x3A5C,0x3A5C,0x3A5C,0x3A5C,0x3A5C,0x3A5C,0x3A5C,0x3A5C,0x3A5C,0x3A5C,0x3A5C,0x3A5C,
    0x3A5C,0x3A5C,0x3A5C,0x3A5C,0x3A5C,0x3A5C,0x3A5C,0x3A5C,0x3A5C,0x3A5C,0x3A5C,0x3A5C,
    0x3A5C,0x3A5C,0x3A5C,0x3A5C,0x3A5C,0x3A5C,0x3A5C,0x3A5C,0x3A5C,0x3A5C,0x3A5C,0x3A5C,
    0x3A5C,0x3A5C,0x3A5C,0x3A5C,0x3A5C,0x3A5C,0x3A5C,0x3A5C,0x3A5C,0x3A5C,0x3A5C,0x3A5C,
    0x3A5C,0x3A5C,0x3A5C,0x3A5C,0x3A5C,0x3A5C,0x3A5C,0x3A5C,0x3A5C,0x3A5C,0x3A5C,0x3A5C,
    0x3A5C,0x3A5C,0x3A5C,0x3A5C,0x3A5C,0x3A5C,0x3A5C,0x3A5C,0x3A5C,0x3A5C,0x3A5C,0x3A5C,
    0x3A5C,0x3A5C,0x3A5C,0x3A5C,0x3A5C,0x3A5C,0x3A5C,0x3A5C,0x3A5C,0x3A5C,0x3A5C,0x3A5C,
    0x3A5C,0x3A5C,0x3A5C,0x3A5C,0x3A5C,0x3A5C,0x3A5C,0x3A5C,0x3A5C,0x3A5C,0x3A5C,0x3A5C,
    0x3A5C,0x3A5C,0x3A5C,0x3A5C,0x3A5C,0x3A5C,0x3A5C,0x3A5C,0x3A5C,0x3A5C,0x3A5C,0x3A5C,
    0x3A5C,0x3A5C,0x3A5C,0x3A5C,0x3A5C,0x3A5C,0x3A5C,0x3A5C,0x3A5C,0x3A5C,0x3A5C,0x3A5C,
    0x3A5C,0x3A5C,0x3A5C,0x3A5C,0x3A5C,0x3A5C,0x3A5C,0x3A5C,0x3A5C,0x3A5C,0x3A5C,0x3A5C,
    0x3A5C,0x3A5C,0x3A5C,0x3A5C,0x3A5C,0x3A5C,0x3A5C,0x3A5C,0x3A5C,0x3A5C,0x3A5C,0x3A5C,
    0x3A5C,0x3A5C,0x3A5C,0x3A5C,0x3A5C,0x3A5C,0x3A5C,0x3A5C,0x3A5C,0x3A5C,0x3A5C,0x3A5C,
    0x2D94,0x2D94,0x2D94,0x2D94,0x2D94,0x2D94,0x2D94,0x2D94,0x2D94,0x2D94,0x2D94,0x2D94,
    0x2D94,0x2D94,0x2D94,0x2D94,0x2D94,0x2D94,0x2D94,0x2D94,0x2D94,0x2D94,0x2D94,0x2D94,
    0x2D94,0x2D94,0x2D94,0x2D94,0x2D94,0x2D94,0x2D94,0x2D94,0x2D94,0x2D94,0x20C8,0x20C8,
    0x20C8,0x20C8,0x0000,0x0000,0x0000,0x0000,0x20C8,0x20C8,0x53BE,0x20C8,0x20C8,0x20C8,
    0x2D94,0x2D94,0x2D94,0x53BE,0x53BE,0x20C8,0x20C8,0x20C8,0x0000,0x53BE,0x53BE,0x53BE,
    0x53BE,0x53BE,0x53BE,0x53BE,0x53BE,0x53BE,0x53BE,0x53BE,0x53BE,0x53BE,0x53BE,0x53BE,
    0x0000,0x0000,0x0000,0x53BE,0x53BE,0x53BE,0x53BE,0x53BE,0x20C8,0x20C8,0x3A5C,0x3A5C,
    0x3A5C,0x3A5C,0x3A5C,0x3A5C,0x3A5C,0x3A5C,0x3A5C,0x3A5C,0x3A5C,0x3A5C,0x3A5C,0x3A5C,
    0x3A5C,0x3A5C,0x3A5C,0x3A5C,0x3A5C,0x3A5C,0x3A5C,0x3A5C,0x3A5C,0x3A5C,0x3A5C,0x3A5C,
    0x3A5C,0x3A5C,0x3A5C,0x3A5C,0x3A5C,0x3A5C,0x3A5C,0x3A5C,0x3A5C,0x3A5C,0x3A5C,0x3A5C,
    0x3A5C,0x3A5C,0x3A5C,0x3A5C,0x3A5C,0x3A5C,0x3A5C,0x3A5C,0x3A5C,0x3A5C,0x3A5C,0x3A5C,
    0x3A5C,0x3A5C,0x3A5C,0x3A5C,0x3A5C,0x3A5C,0x3A5C,0x3A5C,0x3A5C,0x3A5C,0x3A5C,0x3A5C,
    0x3A5C,0x3A5C,0x3A5C,0x3A5C,0x3A5C,0x3A5C,0x3A5C,0x3A5C,0x3A5C,0x3A5C,0x3A5C,0x3A5C,
    0x3A5C,0x3A5C,0x3A5C,0x3A5C,0x3A5C,0x3A5C,0x3A5C,0x3A5C,0x3A5C,0x3A5C,0x3A5C,0x3A5C,
    0x3A5C,0x3A5C,0x3A5C,0x3A5C,0x3A5C,0x3A5C,0x3A5C,0x3A5C,0x3A5C,0x3A5C,0x3A5C,0x3A5C,
    0x3A5C,0x3A5C,0x3A5C,0x3A5C,0x3A5C,0x3A5C,0x3A5C,0x3A5C,0x3A5C,0x3A5C,0x3A5C,0x3A5C,
    0x3A5C,0x3A5C,0x3A5C,0x3A5C,0x3A5C,0x3A5C,0x3A5C,0x3A5C,0x3A5C,0x3A5C,0x3A5C,0x3A5C,
    0x3A5C,0x3A5C,0x3A5C,0x3A5C,0x3A5C,0x3A5C,0x3A5C,0x3A5C,0x3A5C,0x3A5C,0x3A5C,0x3A5C,
    0x3A5C,0x3A5C,0x3A5C,0x3A5C,0x3A5C,0x3A5C,0x3A5C,0x3A5C,0x3A5C,0x3A5C,0x3A5C,0x3A5C,
    0x3A5C,0x3A5C,0x3A5C,0x3A5C,0x3A5C,0x3A5C,0x3A5C,0x3A5C,0x3A5C,0x3A5C,0x3A5C,0x3A5C,
    0x2D94,0x2D94,0x2D94,0x2D94,0x2D94,0x2D94,0x2D94,0x2D94,0x2D94,0x2D94,0x2D94,0x2D94,
    0x2D94,0x2D94,0x2D94,0x2D94,0x2D94,0x2D94,0x2D94,0x2D94,0x2D94,0x2D94,0x2D94,0x2D94,
    0x2D94,0x2D94,0x2D94,0x2D94,0x2D94,0x2D94,0x2D94,0x2D94,0x2D94,0x2D94,0x2D94,0x53BE,
    0x53BE,0x20C8,0x20C8,0x53BE,0x53BE,0x53BE,0x53BE,0x53BE,0x20C8,0x53BE,0x53BE,0x20C8,
    0x20C8,0x2D94,0x2D94,0x2D94,0x2D94,0x20C8,0x0000,0x20C8,0x20C8,0x0000,0x53BE,0x53BE,
    0x53BE,0x53BE,0x53BE,0x53BE,0x53BE,0x53BE,0x53BE,0x53BE,0x53BE,0x53BE,0x53BE,0x53BE,
    0x53BE,0x53BE,0x53BE,0x53BE,0x53BE,0x53BE,0x53BE,0x53BE,0x53BE,0x53BE,0x20C8,0x20C8,
    0x3A5C,0x3A5C,0x3A5C,0x3A5C,0x3A5C,0x3A5C,0x3A5C,0x3A5C,0x3A5C,0x3A5C,0x3A5C,0x3A5C,
    0x3A5C,0x3A5C,0x3A5C,0x3A5C,0x3A5C,0x3A5C,0x3A5C,0x3A5C,0x3A5C,0x3A5C,0x3A5C,0x3A5C,
    0x3A5C,0x3A5C,0x3A5C,0x3A5C,0x3A5C,0x3A5C,0x3A5C,0x3A5C,0x3A5C,0x3A5C,0x3A5C,0x3A5C,
    0x3A5C,0x3A5C,0x3A5C,0x3A5C,0x3A5C,0x3A5C,0x3A5C,0x3A5C,0x3A5C,0x3A5C,0x3A5C,0x3A5C,
    0x3A5C,0x3A5C,0x3A5C,0x3A5C,0x3A5C,0x3A5C,0x3A5C,0x3A5C,0x3A5C,0x3A5C,0x3A5C,0x3A5C,
    0x3A5C,0x3A5C,0x3A5C,0x3A5C,0x3A5C,0x3A5C,0x3A5C,0x3A5C,0x3A5C,0x3A5C,0x3A5C,0x3A5C,
    0x3A5C,0x3A5C,0x3A5C,0x3A5C,0x3A5C,0x3A5C,0x3A5C,0x3A5C,0x3A5C,0x3A5C,0x3A5C,0x3A5C,
    0x3A5C,0x3A5C,0x3A5C,0x3A5C,0x3A5C,0x3A5C,0x3A5C,0x3A5C,0x3A5C,0x3A5C,0x3A5C,0x3A5C,
    0x3A5C,0x3A5C,0x3A5C,0x3A5C,0x3A5C,0x3A5C,0x3A5C,0x3A5C,0x3A5C,0x3A5C,0x3A5C,0x3A5C,
    0x3A5C,0x3A5C,0x3A5C,0x3A5C,0x3A5C,0x3A5C,0x3A5C,0x3A5C,0x3A5C,0x3A5C,0x3A5C,0x3A5C,
    0x3A5C,0x3A5C,0x3A5C,0x3A5C,0x3A5C,0x3A5C,0x3A5C,0x3A5C,0x3A5C,0x3A5C,0x3A5C,0x3A5C,
    0x3A5C,0x3A5C,0x3A5C,0x3A5C,0x3A5C,0x3A5C,0x3A5C,0x3A5C,0x3A5C,0x3A5C,0x3A5C,0x3A5C,
    0x3A5C,0x3A5C,0x3A5C,0x3A5C,0x3A5C,0x3A5C,0x3A5C,0x3A5C,0x3A5C,0x3A5C,0x3A5C,0x3A5C,
    0x2D94,0x2D94,0x2D94,0x2D94,0x2D94,0x2D94,0x2D94,0x2D94,0x2D94,0x2D94,0x2D94,0x2D94,
    0x2D94,0x2D94,0x2D94,0x2D94,0x2D94,0x2D94,0x2D94,0x2D94,0x2D94,0x2D94,0x2D94,0x2D94,
    0x2D94,0x2D94,0x2D94,0x2D94,0x2D94,0x2D94,0x2D94,0x2D94,0x2D94,0x2D94,0x2D94,0x2D94,
    0x2D94,0x2D94,0x2D94,0x2D94,0x2D94,0x2D94,0x2D94,0x2D94,0x2D94,0x2D94,0x2D94,0x2D94,
    0x2D94,0x2D94,0x2D94,0x2D94,0x2D94,0x2D94,0x20C8,0x20C8,0x20C8,0x53BE,0x53BE,0x53BE,
    0x53BE,0x53BE,0x53BE,0x53BE,0x53BE,0x53BE,0x53BE,0x53BE,0x53BE,0x53BE,0x53BE,0x53BE,
    0x53BE,0x53BE,0x53BE,0x53BE,0x53BE,0x53BE,0x53BE,0x53BE,0x53BE,0x53BE,0x53BE,0x0000,
    0x0000,0x0000,0x0000,0x3A5C,0x3A5C,0x3A5C,0x3A5C,0x3A5C,0x3A5C,0x3A5C,0x3A5C,0x3A5C,
    0x3A5C,0x3A5C,0x3A5C,0x3A5C,0x3A5C,0x3A5C,0x3A5C,0x3A5C,0x3A5C,0x3A5C,0x3A5C,0x3A5C,
    0x3A5C,0x3A5C,0x3A5C,0x3A5C,0x3A5C,0x3A5C,0x3A5C,0x3A5C,0x3A5C,0x3A5C,0x3A5C,0x3A5C,
    0x3A5C,0x3A5C,0x3A5C,0x3A5C,0x3A5C,0x3A5C,0x3A5C,0x3A5C,0x3A5C,0x3A5C,0x3A5C,0x3A5C,
    0x3A5C,0x3A5C,0x3A5C,0x3A5C,0x3A5C,0x3A5C,0x3A5C,0x3A5C,0x3A5C,0x3A5C,0x3A5C,0x3A5C,
    0x3A5C,0x3A5C,0x3A5C,0x3A5C,0x3A5C,0x3A5C,0x3A5C,0x3A5C,0x3A5C,0x3A5C,0x3A5C,0x3A5C,
    0x3A5C,0x3A5C,0x3A5C,0x3A5C,0x3A5C,0x3A5C,0x3A5C,0x3A5C,0x3A5C,0x3A5C,0x3A5C,0x3A5C,
    0x3A5C,0x3A5C,0x3A5C,0x3A5C,0x3A5C,0x3A5C,0x3A5C,0x3A5C,0x3A5C,0x3A5C,0x3A5C,0x3A5C,
    0x3A5C,0x3A5C,0x3A5C,0x3A5C,0x3A5C,0x3A5C,0x3A5C,0x3A5C,0x3A5C,0x3A5C,0x3A5C,0x3A5C,
    0x3A5C,0x3A5C,0x3A5C,0x3A5C,0x3A5C,0x3A5C,0x3A5C,0x3A5C,0x3A5C,0x3A5C,0x3A5C,0x3A5C,
    0x3A5C,0x3A5C,0x3A5C,0x3A5C,0x3A5C,0x3A5C,0x3A5C,0x3A5C,0x3A5C,0x3A5C,0x3A5C,0x3A5C,
    0x3A5C,0x3A5C,0x3A5C,0x3A5C,0x3A5C,0x3A5C,0x3A5C,0x3A5C,0x3A5C,0x3A5C,0x3A5C,0x3A5C,
    0x3A5C,0x3A5C,0x3A5C,0x3A5C,0x3A5C,0x3A5C,0x3A5C,0x3A5C,0x3A5C,0x3A5C,0x3A5C,0x3A5C,
    0x2D94,0x2D94,0x2D94,0x2D94,0x2D94,0x2D94,0x2D94,0x2D94,0x2D94,0x2D94,0x2D94,0x2D94,
    0x2D94,0x2D94,0x2D94,0x2D94,0x2D94,0x2D94,0x2D94,0x2D94,0x2D94,0x2D94,0x2D94,0x2D94,
    0x2D94,0x2D94,0x2D94,0x2D94,0x2D94,0x2D94,0x2D94,0x2D94,0x2D94,0x2D94,0x2D94,0x2D94,
    0x2D94,0x2D94,0x2D94,0x2D94,0x2D94,0x2D94,0x2D94,0x2D94,0x2D94,0x2D94,0x2D94,0x2D94,
    0x2D94,0x2D94,0x2D94,0x2D94,0x2D94,0x2D94,0x2D94,0x53BE,0x53BE,0x53BE,0x53BE,0x53BE,
    0x53BE,0x53BE,0x53BE,0x53BE,0x53BE,0x53BE,0x53BE,0x53BE,0x53BE,0x53BE,0x53BE,0x53BE,
    0x53BE,0x53BE,0x53BE,0x53BE,0x53BE,0x53BE,0x53BE,0x53BE,0x53BE,0x53BE,0x53BE,0x53BE,
    0x53BE,0x53BE,0x53BE,0x0000,0x0000,0x0000,0x3A5C,0x3A5C,0x3A5C,0x3A5C,0x3A5C,0x3A5C,
    0x3A5C,0x3A5C,0x3A5C,0x3A5C,0x3A5C,0x3A5C,0x3A5C,0x3A5C,0x3A5C,0x3A5C,0x3A5C,0x3A5C,
    0x3A5C,0x3A5C,0x3A5C,0x3A5C,0x3A5C,0x3A5C,0x3A5C,0x3A5C,0x3A5C,0x3A5C,0x3A5C,0x3A5C,
    0x3A5C,0x3A5C,0x3A5C,0x3A5C,0x3A5C,0x3A5C,0x3A5C,0x3A5C,0x3A5C,0x3A5C,0x3A5C,0x3A5C,
    0x3A5C,0x3A5C,0x3A5C,0x3A5C,0x3A5C,0x3A5C,0x3A5C,0x3A5C,0x3A5C,0x3A5C,0x3A5C,0x3A5C,
    0x3A5C,0x3A5C,0x3A5C,0x3A5C,0x3A5C,0x3A5C,0x3A5C,0x3A5C,0x3A5C,0x3A5C,0x3A5C,0x3A5C,
    0x3A5C,0x3A5C,0x3A5C,0x3A5C,0x3A5C,0x3A5C,0x3A5C,0x3A5C,0x3A5C,0x3A5C,0x3A5C,0x3A5C,
    0x3A5C,0x3A5C,0x3A5C,0x3A5C,0x3A5C,0x3A5C,0x3A5C,0x3A5C,0x3A5C,0x3A5C,0x3A5C,0x3A5C,
    0x3A5C,0x3A5C,0x3A5C,0x3A5C,0x3A5C,0x3A5C,0x3A5C,0x3A5C,0x3A5C,0x3A5C,0x3A5C,0x3A5C,
    0x3A5C,0x3A5C,0x3A5C,0x3A5C,0x3A5C,0x3A5C,0x3A5C,0x3A5C,0x3A5C,0x3A5C,0x3A5C,0x3A5C,
    0x3A5C,0x3A5C,0x3A5C,0x3A5C,0x3A5C,0x3A5C,0x3A5C,0x3A5C,0x3A5C,0x3A5C,0x3A5C,0x3A5C,
    0x3A5C,0x3A5C,0x3A5C,0x3A5C,0x3A5C,0x3A5C,0x3A5C,0x3A5C,0x3A5C,0x3A5C,0x3A5C,0x3A5C,
    0x3A5C,0x3A5C,0x3A5C,0x3A5C,0x3A5C,0x3A5C,0x3A5C,0x3A5C,0x3A5C,0x3A5C,0x3A5C,0x3A5C,
    0x2D94,0x2D94,0x2D94,0x2D94,0x2D94,0x2D94,0x2D94,0x2D94,0x2D94,0x2D94,0x2D94,0x2D94,
    0x2D94,0x2D94,0x2D94,0x2D94,0x2D94,0x2D94,0x2D94,0x2D94,0x2D94,0x2D94,0x2D94,0x2D94,
    0x2D94,0x2D94,0x2D94,0x2D94,0x2D94,0x2D94,0x2D94,0x2D94,0x2D94,0x2D94,0x2D94,0x2D94,
    0x2D94,0x2D94,0x2D94,0x2D94,0x2D94,0x2D94,0x2D94,0x2D94,0x2D94,0x2D94,0x2D94,0x2D94,
    0x2D94,0x2D94,0x2D94,0x2D94,0x2D94,0x2D94,0x53BE,0x53BE,0x53BE,0x53BE,0x53BE,0x53BE,
    0x53BE,0x53BE,0x53BE,0x53BE,0x53BE,0x53BE,0x53BE,0x53BE,0x53BE,0x53BE,0x53BE,0x53BE,
    0x53BE,0x53BE,0x53BE,0x53BE,0x53BE,0x53BE,0x53BE,0x53BE,0x53BE,0x53BE,0x53BE,0x53BE,
    0x53BE,0x53BE,0x53BE,0x53BE,0x53BE,0x53BE,0x0000,0x0000,0x0000,0x3A5C,0x3A5C,0x3A5C,
    0x3A5C,0x3A5C,0x3A5C,0x3A5C,0x3A5C,0x3A5C,0x3A5C,0x3A5C,0x3A5C,0x3A5C,0x3A5C,0x3A5C,
    0x3A5C,0x3A5C,0x3A5C,0x3A5C,0x3A5C,0x3A5C,0x3A5C,0x3A5C,0x3A5C,0x3A5C,0x3A5C,0x3A5C,
    0x3A5C,0x3A5C,0x3A5C,0x3A5C,0x3A5C,0x3A5C,0x3A5C,0x3A5C,0x3A5C,0x3A5C,0x3A5C,0x3A5C,
    0x3A5C,0x3A5C,0x3A5C,0x3A5C,0x3A5C,0x3A5C,0x3A5C,0x3A5C,0x3A5C,0x3A5C,0x3A5C,0x3A5C,
    0x3A5C,0x3A5C,0x3A5C,0x3A5C,0x3A5C,0x3A5C,0x3A5C,0x3A5C,0x3A5C,0x3A5C,0x3A5C,0x3A5C,
    0x3A5C,0x3A5C,0x3A5C,0x3A5C,0x3A5C,0x3A5C,0x3A5C,0x3A5C,0x3A5C,0x3A5C,0x3A5C,0x3A5C,
    0x3A5C,0x3A5C,0x3A5C,0x3A5C,0x3A5C,0x3A5C,0x3A5C,0x3A5C,0x3A5C,0x3A5C,0x3A5C,0x3A5C,
    0x3A5C,0x3A5C,0x3A5C,0x3A5C,0x3A5C,0x3A5C,0x3A5C,0x3A5C,0x3A5C,0x3A5C,0x3A5C,0x3A5C,
    0x3A5C,0x3A5C,0x3A5C,0x3A5C,0x3A5C,0x3A5C,0x3A5C,0x3A5C,0x3A5C,0x3A5C,0x3A5C,0x3A5C,
    0x3A5C,0x3A5C,0x3A5C,0x3A5C,0x3A5C,0x3A5C,0x3A5C,0x3A5C,0x3A5C,0x3A5C,0x3A5C,0x3A5C,
    0x3A5C,0x3A5C,0x3A5C,0x3A5C,0x3A5C,0x3A5C,0x3A5C,0x3A5C,0x3A5C,0x3A5C,0x3A5C,0x3A5C,
    0x3A5C,0x3A5C,0x3A5C,0x3A5C,0x3A5C,0x3A5C,0x3A5C,0x3A5C,0x3A5C,0x3A5C,0x3A5C,0x3A5C,
    0x2D94,0x2D94,0x2D94,0x2D94,0x2D94,0x2D94,0x2D94,0x2D94,0x2D94,0x2D94,0x2D94,0x2D94,
    0x2D94,0x2D94,0x2D94,0x2D94,0x2D94,0x2D94,0x2D94,0x2D94,0x2D94,0x2D94,0x2D94,0x2D94,
    0x2D94,0x2D94,0x2D94,0x2D94,0x2D94,0x2D94,0x2D94,0x2D94,0x2D94,0x2D94,0x2D94,0x2D94,
    0x2D94,0x2D94,0x2D94,0x2D94,0x2D94,0x2D94,0x2D94,0x2D94,0x2D94,0x2D94,0x2D94,0x2D94,
    0x2D94,0x2D94,0x2D94,0x2D94,0x2D94,0x53BE,0x53BE,0x53BE,0x53BE,0x53BE,0x53BE,0x53BE,
    0x53BE,0x53BE,0x53BE,0x53BE,0x53BE,0x53BE,0x53BE,0x53BE,0x53BE,0x53BE,0x53BE,0x53BE,
    0x53BE,0x53BE,0x53BE,0x53BE,0x53BE,0x53BE,0x53BE,0x53BE,0x53BE,0x53BE,0x53BE,0x53BE,
    0x53BE,0x53BE,0x53BE,0x53BE,0x53BE,0x53BE,0x53BE,0x53BE,0x53BE,0x0000,0x0000,0x0000,
    0x3A5C,0x3A5C,0x3A5C,0x3A5C,0x3A5C,0x3A5C,0x3A5C,0x3A5C,0x3A5C,0x3A5C,0x3A5C,0x3A5C,
    0x3A5C,0x3A5C,0x3A5C,0x3A5C,0x3A5C,0x3A5C,0x3A5C,0x3A5C,0x3A5C,0x3A5C,0x3A5C,0x3A5C,
    0x3A5C,0x3A5C,0x3A5C,0x3A5C,0x3A5C,0x3A5C,0x3A5C,0x3A5C,0x3A5C,0x3A5C,0x3A5C,0x3A5C,
    0x3A5C,0x3A5C,0x3A5C,0x3A5C,0x3A5C,0x3A5C,0x3A5C,0x3A5C,0x3A5C,0x3A5C,0x3A5C,0x3A5C,
    0x3A5C,0x3A5C,0x3A5C,0x3A5C,0x3A5C,0x3A5C,0x3A5C,0x3A5C,0x3A5C,0x3A5C,0x3A5C,0x3A5C,
    0x3A5C,0x3A5C,0x3A5C,0x3A5C,0x3A5C,0x3A5C,0x3A5C,0x3A5C,0x3A5C,0x3A5C,0x3A5C,0x3A5C,
    0x3A5C,0x3A5C,0x3A5C,0x3A5C,0x3A5C,0x3A5C,0x3A5C,0x3A5C,0x3A5C,0x3A5C,0x3A5C,0x3A5C,
    0x3A5C,0x3A5C,0x3A5C,0x3A5C,0x3A5C,0x3A5C,0x3A5C,0x3A5C,0x3A5C,0x3A5C,0x3A5C,0x3A5C,
    0x3A5C,0x3A5C,0x3A5C,0x3A5C,0x3A5C,0x3A5C,0x3A5C,0x3A5C,0x3A5C,0x3A5C,0x3A5C,0x3A5C,
    0x3A5C,0x3A5C,0x3A5C,0x3A5C,0x3A5C,0x3A5C,0x3A5C,0x3A5C,0x3A5C,0x3A5C,0x3A5C,0x3A5C,
    0x3A5C,0x3A5C,0x3A5C,0x3A5C,0x3A5C,0x3A5C,0x3A5C,0x3A5C,0x3A5C,0x3A5C,0x3A5C,0x3A5C,
    0x3A5C,0x3A5C,0x3A5C,0x3A5C,0x3A5C,0x3A5C,0x3A5C,0x3A5C,0x3A5C,0x3A5C,0x3A5C,0x3A5C,
    0x2D94,0x2D94,0x2D94,0x2D94,0x2D94,0x2D94,0x2D94,0x2D94,0x2D94,0x2D94,0x2D94,0x2D94,
    0x2D94,0x2D94,0x2D94,0x2D94,0x2D94,0x2D94,0x2D94,0x2D94,0x2D94,0x2D94,0x2D94,0x2D94,
    0x2D94,0x2D94,0x2D94,0x2D94,0x2D94,0x2D94,0x2D94,0x2D94,0x2D94,0x2D94,0x2D94,0x2D94,
    0x2D94,0x2D94,0x2D94,0x2D94,0x2D94,0x2D94,0x2D94,0x2D94,0x2D94,0x2D94,0x2D94,0x2D94,
    0x2D94,0x2D94,0x53BE,0x53BE,0x53BE,0x53BE,0x53BE,0x53BE,0x53BE,0x53BE,0x53BE,0x53BE,
    0x53BE,0x53BE,0x53BE,0x53BE,0x53BE,0x53BE,0x53BE,0x53BE,0x53BE,0x53BE,0x53BE,0x53BE,
    0x53BE,0x53BE,0x53BE,0x53BE,0x53BE,0x53BE,0x53BE,0x53BE,0x53BE,0x53BE,0x53BE,0x53BE,
    0x53BE,0x53BE,0x53BE,0x53BE,0x53BE,0x53BE,0x53BE,0x53BE,0x53BE,0x53BE,0x53BE,0x53BE,
    0x53BE,0x53BE,0x53BE,0x53BE,0x53BE,0x3A5C,0x3A5C,0x3A5C,0x3A5C,0x3A5C,0x3A5C,0x3A5C,
    0x3A5C,0x3A5C,0x3A5C,0x3A5C,0x3A5C,0x3A5C,0x3A5C,0x3A5C,0x3A5C,0x3A5C,0x3A5C,0x3A5C,
    0x3A5C,0x3A5C,0x3A5C,0x3A5C,0x3A5C,0x3A5C,0x53BE,0x53BE,0x53BE,0x53BE,0x53BE,0x53BE,
    0x53BE,0x53BE,0x53BE,0x53BE,0x53BE,0x53BE,0x3A5C,0x3A5C,0x3A5C,0x3A5C,0x3A5C,0x3A5C,
    0x3A5C,0x3A5C,0x3A5C,0x3A5C,0x3A5C,0x3A5C,0x3A5C,0x3A5C,0x3A5C,0x3A5C,0x3A5C,0x3A5C,
    0x3A5C,0x3A5C,0x3A5C,0x3A5C,0x3A5C,0x3A5C,0x3A5C,0x3A5C,0x3A5C,0x3A5C,0x3A5C,0x3A5C,
    0x3A5C,0x3A5C,0x3A5C,0x3A5C,0x3A5C,0x3A5C,0x3A5C,0x3A5C,0x3A5C,0x3A5C,0x3A5C,0x3A5C,
    0x3A5C,0x3A5C,0x3A5C,0x3A5C,0x3A5C,0x3A5C,0x3A5C,0x3A5C,0x3A5C,0x3A5C,0x3A5C,0x3A5C,
    0x3A5C,0x3A5C,0x3A5C,0x3A5C,0x3A5C,0x3A5C,0x3A5C,0x3A5C,0x3A5C,0x3A5C,0x3A5C,0x3A5C,
    0x3A5C,0x3A5C,0x3A5C,0x3A5C,0x3A5C,0x3A5C,0x3A5C,0x3A5C,0x3A5C,0x3A5C,0x3A5C,0x3A5C,
    0x3A5C,0x3A5C,0x3A5C,0x3A5C,0x3A5C,0x3A5C,0x3A5C,0x3A5C,0x3A5C,0x3A5C,0x3A5C,0x3A5C,
    0x3A5C,0x3A5C,0x3A5C,0x3A5C,0x3A5C,0x3A5C,0x3A5C,0x3A5C,0x3A5C,0x3A5C,0x3A5C,0x3A5C,
    0x2D94,0x2D94,0x2D94,0x2D94,0x2D94,0x2D94,0x2D94,0x2D94,0x2D94,0x2D94,0x2D94,0x2D94,
    0x2D94,0x2D94,0x2D94,0x2D94,0x2D94,0x2D94,0x2D94,0x2D94,0x2D94,0x2D94,0x2D94,0x2D94,
    0x2D94,0x2D94,0x2D94,0x2D94,0x2D94,0x2D94,0x2D94,0x2D94,0x2D94,0x2D94,0x2D94,0x2D94,
    0x2D94,0x2D94,0x2D94,0x2D94,0x2D94,0x2D94,0x2D94,0x2D94,0x2D94,0x2D94,0x2D94,0x53BE,
    0x53BE,0x53BE,0x53BE,0x53BE,0x53BE,0x53BE,0x53BE,0x53BE,0x53BE,0x53BE,0x53BE,0x53BE,
    0x53BE,0x53BE,0x53BE,0x53BE,0x53BE,0x53BE,0x53BE,0x53BE,0x53BE,0x53BE,0x53BE,0x53BE,
    0x53BE,0x53BE,0x53BE,0x53BE,0x53BE,0x53BE,0x53BE,0x53BE,0x53BE,0x53BE,0x53BE,0x53BE,
    0x53BE,0x53BE,0x53BE,0x53BE,0x53BE,0x53BE,0x53BE,0x53BE,0x53BE,0x53BE,0x53BE,0x53BE,
    0x53BE,0x53BE,0x53BE,0x53BE,0x0000,0x0000,0x0000,0x0000,0x0000,0x0000,0x3A5C,0x3A5C,
    0x3A5C,0x3A5C,0x3A5C,0x3A5C,0x3A5C,0x3A5C,0x3A5C,0x3A5C,0x3A5C,0x3A5C,0x3A5C,0x3A5C,
    0x53BE,0x53BE,0x53BE,0x53BE,0x53BE,0x53BE,0x53BE,0x53BE,0x53BE,0x53BE,0x53BE,0x53BE,
    0x53BE,0x53BE,0x53BE,0x53BE,0x53BE,0x53BE,0x53BE,0x53BE,0x53BE,0x53BE,0x3A5C,0x3A5C,
    0x3A5C,0x3A5C,0x3A5C,0x3A5C,0x3A5C,0x3A5C,0x3A5C,0x3A5C,0x3A5C,0x3A5C,0x3A5C,0x3A5C,
    0x3A5C,0x3A5C,0x3A5C,0x3A5C,0x3A5C,0x3A5C,0x3A5C,0x3A5C,0x3A5C,0x3A5C,0x3A5C,0x3A5C,
    0x3A5C,0x3A5C,0x3A5C,0x3A5C,0x3A5C,0x3A5C,0x3A5C,0x3A5C,0x3A5C,0x3A5C,0x3A5C,0x3A5C,
    0x3A5C,0x3A5C,0x3A5C,0x3A5C,0x3A5C,0x3A5C,0x3A5C,0x3A5C,0x3A5C,0x3A5C,0x3A5C,0x3A5C,
    0x3A5C,0x3A5C,0x3A5C,0x3A5C,0x3A5C,0x3A5C,0x3A5C,0x3A5C,0x3A5C,0x3A5C,0x3A5C,0x3A5C,
    0x3A5C,0x3A5C,0x3A5C,0x3A5C,0x3A5C,0x3A5C,0x3A5C,0x3A5C,0x3A5C,0x3A5C,0x3A5C,0x3A5C,
    0x3A5C,0x3A5C,0x3A5C,0x3A5C,0x3A5C,0x3A5C,0x3A5C,0x3A5C,0x3A5C,0x3A5C,0x3A5C,0x3A5C,
    0x3A5C,0x3A5C,0x3A5C,0x3A5C,0x3A5C,0x3A5C,0x3A5C,0x3A5C,0x3A5C,0x3A5C,0x3A5C,0x3A5C,
    0x2D94,0x2D94,0x2D94,0x2D94,0x2D94,0x2D94,0x2D94,0x2D94,0x2D94,0x2D94,0x2D94,0x2D94,
    0x2D94,0x2D94,0x2D94,0x2D94,0x2D94,0x2D94,0x2D94,0x2D94,0x2D94,0x2D94,0x2D94,0x2D94,
    0x2D94,0x2D94,0x2D94,0x2D94,0x2D94,0x2D94,0x2D94,0x2D94,0x2D94,0x2D94,0x2D94,0x2D94,
    0x2D94,0x2D94,0x2D94,0x2D94,0x2D94,0x2D94,0x2D94,0x2D94,0x2D94,0x53BE,0x53BE,0x53BE,
    0x53BE,0x53BE,0x53BE,0x53BE,0x53BE,0x53BE,0x53BE,0x53BE,0x53BE,0x53BE,0x53BE,0x53BE,
    0x53BE,0x53BE,0x53BE,0x53BE,0x53BE,0x53BE,0x53BE,0x53BE,0x53BE,0x53BE,0x53BE,0x53BE,
    0x53BE,0x53BE,0x53BE,0x53BE,0x53BE,0x53BE,0x53BE,0x53BE,0x53BE,0x53BE,0x53BE,0x53BE,
    0x53BE,0x53BE,0x53BE,0x53BE,0x53BE,0x53BE,0x53BE,0x53BE,0x53BE,0x53BE,0x53BE,0x53BE,
    0x53BE,0x53BE,0x53BE,0x53BE,0x53BE,0x53BE,0x53BE,0x53BE,0x53BE,0x53BE,0x53BE,0x53BE,
    0x53BE,0x53BE,0x53BE,0x53BE,0x53BE,0x53BE,0x53BE,0x53BE,0x53BE,0x53BE,0x53BE,0x53BE,
    0x53BE,0x53BE,0x53BE,0x53BE,0x53BE,0x53BE,0x53BE,0x53BE,0x53BE,0x53BE,0x53BE,0x53BE,
    0x53BE,0x53BE,0x53BE,0x53BE,0x53BE,0x53BE,0x53BE,0x53BE,0x53BE,0x53BE,0x53BE,0x53BE,
    0x53BE,0x53BE,0x3A5C,0x3A5C,0x3A5C,0x3A5C,0x3A5C,0x3A5C,0x3A5C,0x3A5C,0x3A5C,0x3A5C,
    0x3A5C,0x3A5C,0x3A5C,0x3A5C,0x3A5C,0x3A5C,0x3A5C,0x3A5C,0x3A5C,0x3A5C,0x3A5C,0x3A5C,
    0x3A5C,0x3A5C,0x3A5C,0x3A5C,0x3A5C,0x3A5C,0x3A5C,0x3A5C,0x3A5C,0x3A5C,0x3A5C,0x3A5C,
    0x3A5C,0x3A5C,0x3A5C,0x3A5C,0x3A5C,0x3A5C,0x3A5C,0x3A5C,0x3A5C,0x3A5C,0x3A5C,0x3A5C,
    0x3A5C,0x3A5C,0x3A5C,0x3A5C,0x3A5C,0x3A5C,0x3A5C,0x3A5C,0x3A5C,0x3A5C,0x3A5C,0x3A5C,
    0x3A5C,0x3A5C,0x3A5C,0x3A5C,0x3A5C,0x3A5C,0x3A5C,0x3A5C,0x3A5C,0x3A5C,0x3A5C,0x3A5C,
    0x3A5C,0x3A5C,0x3A5C,0x3A5C,0x3A5C,0x3A5C,0x3A5C,0x3A5C,0x3A5C,0x3A5C,0x3A5C,0x3A5C,
    0x3A5C,0x3A5C,0x3A5C,0x3A5C,0x3A5C,0x3A5C,0x3A5C,0x3A5C,0x3A5C,0x3A5C,0x3A5C,0x3A5C,
    0x2D94,0x2D94,0x2D94,0x2D94,0x2D94,0x2D94,0x2D94,0x2D94,0x2D94,0x2D94,0x2D94,0x2D94,
    0x2D94,0x2D94,0x2D94,0x2D94,0x2D94,0x2D94,0x2D94,0x2D94,0x2D94,0x2D94,0x2D94,0x2D94,
    0x2D94,0x2D94,0x2D94,0x2D94,0x2D94,0x2D94,0x2D94,0x2D94,0x2D94,0x2D94,0x2D94,0x2D94,
    0x2D94,0x2D94,0x2D94,0x2D94,0x2D94,0x2D94,0x2D94,0x53BE,0x53BE,0x53BE,0x53BE,0x53BE,
    0x53BE,0x53BE,0x53BE,0x53BE,0x53BE,0x53BE,0x53BE,0x53BE,0x53BE,0x53BE,0x53BE,0x53BE,
    0x53BE,0x53BE,0x53BE,0x53BE,0x53BE,0x53BE,0x53BE,0x53BE,0x53BE,0x53BE,0x53BE,0x53BE,
    0x53BE,0x53BE,0x53BE,0x53BE,0x53BE,0x53BE,0x53BE,0x53BE,0x53BE,0x53BE,0x53BE,0x53BE,
    0x53BE,0x53BE,0x53BE,0x53BE,0x53BE,0x53BE,0x53BE,0x53BE,0x53BE,0x53BE,0x53BE,0x53BE,
    0x53BE,0x53BE,0x53BE,0x53BE,0x53BE,0x53BE,0x53BE,0x53BE,0x53BE,0x53BE,0x53BE,0x53BE,
    0x53BE,0x53BE,0x53BE,0x53BE,0x53BE,0x53BE,0x53BE,0x53BE,0x53BE,0x53BE,0x53BE,0x53BE,
    0x53BE,0x53BE,0x53BE,0x53BE,0x53BE,0x53BE,0x53BE,0x53BE,0x53BE,0x53BE,0x53BE,0x53BE,
    0x53BE,0x53BE,0x53BE,0x53BE,0x53BE,0x53BE,0x53BE,0x53BE,0x53BE,0x53BE,0x53BE,0x53BE,
    0x53BE,0x53BE,0x53BE,0x53BE,0x53BE,0x53BE,0x3A5C,0x3A5C,0x3A5C,0x3A5C,0x3A5C,0x3A5C,
    0x3A5C,0x3A5C,0x3A5C,0x3A5C,0x3A5C,0x3A5C,0x3A5C,0x3A5C,0x3A5C,0x3A5C,0x3A5C,0x3A5C,
    0x3A5C,0x3A5C,0x3A5C,0x3A5C,0x3A5C,0x3A5C,0x3A5C,0x3A5C,0x3A5C,0x3A5C,0x3A5C,0x3A5C,
    0x3A5C,0x3A5C,0x3A5C,0x3A5C,0x3A5C,0x3A5C,0x3A5C,0x3A5C,0x3A5C,0x3A5C,0x3A5C,0x3A5C,
    0x3A5C,0x3A5C,0x3A5C,0x3A5C,0x3A5C,0x3A5C,0x3A5C,0x3A5C,0x3A5C,0x3A5C,0x3A5C,0x3A5C,
    0x3A5C,0x3A5C,0x3A5C,0x3A5C,0x3A5C,0x3A5C,0x3A5C,0x3A5C,0x3A5C,0x3A5C,0x3A5C,0x3A5C,
    0x3A5C,0x3A5C,0x3A5C,0x3A5C,0x3A5C,0x3A5C,0x3A5C,0x3A5C,0x3A5C,0x3A5C,0x3A5C,0x3A5C,
    0x3A5C,0x3A5C,0x3A5C,0x3A5C,0x3A5C,0x3A5C,0x3A5C,0x3A5C,0x3A5C,0x3A5C,0x53BE,0x53BE,
    0x2D94,0x2D94,0x2D94,0x2D94,0x2D94,0x2D94,0x2D94,0x2D94,0x2D94,0x2D94,0x2D94,0x2D94,
    0x2D94,0x2D94,0x2D94,0x2D94,0x2D94,0x2D94,0x2D94,0x2D94,0x2D94,0x2D94,0x2D94,0x2D94,
    0x2D94,0x2D94,0x2D94,0x2D94,0x2D94,0x2D94,0x2D94,0x2D94,0x2D94,0x2D94,0x2D94,0x2D94,
    0x2D94,0x2D94,0x2D94,0x2D94,0x2D94,0x2D94,0x53BE,0x53BE,0x53BE,0x53BE,0x53BE,0x53BE,
    0x53BE,0x53BE,0x53BE,0x53BE,0x53BE,0x53BE,0x53BE,0x53BE,0x53BE,0x53BE,0x53BE,0x53BE,
    0x53BE,0x53BE,0x53BE,0x53BE,0x53BE,0x53BE,0x53BE,0x53BE,0x53BE,0x53BE,0x53BE,0x53BE,
    0x53BE,0x53BE,0x53BE,0x53BE,0x53BE,0x53BE,0x53BE,0x53BE,0x53BE,0x53BE,0x53BE,0x53BE,
    0x53BE,0x53BE,0x53BE,0x53BE,0x53BE,0x53BE,0x53BE,0x53BE,0x53BE,0x53BE,0x53BE,0x53BE,
    0x53BE,0x53BE,0x53BE,0x53BE,0x53BE,0x53BE,0x53BE,0x53BE,0x53BE,0x53BE,0x53BE,0x53BE,
    0x53BE,0x53BE,0x53BE,0x53BE,0x53BE,0x53BE,0x53BE,0x53BE,0x53BE,0x53BE,0x53BE,0x53BE,
    0x53BE,0x53BE,0x53BE,0x53BE,0x53BE,0x53BE,0x53BE,0x53BE,0x53BE,0x53BE,0x53BE,0x53BE,
    0x53BE,0x53BE,0x53BE,0x53BE,0x53BE,0x53BE,0x53BE,0x53BE,0x53BE,0x53BE,0x53BE,0x53BE,
    0x53BE,0x53BE,0x53BE,0x53BE,0x53BE,0x53BE,0x53BE,0x53BE,0x3A5C,0x3A5C,0x3A5C,0x3A5C,
    0x3A5C,0x3A5C,0x3A5C,0x3A5C,0x3A5C,0x3A5C,0x3A5C,0x3A5C,0x3A5C,0x3A5C,0x3A5C,0x3A5C,
    0x3A5C,0x3A5C,0x3A5C,0x3A5C,0x3A5C,0x3A5C,0x3A5C,0x3A5C,0x3A5C,0x3A5C,0x3A5C,0x3A5C,
    0x3A5C,0x3A5C,0x3A5C,0x3A5C,0x3A5C,0x3A5C,0x3A5C,0x3A5C,0x3A5C,0x3A5C,0x3A5C,0x3A5C,
    0x3A5C,0x3A5C,0x3A5C,0x3A5C,0x3A5C,0x3A5C,0x3A5C,0x3A5C,0x3A5C,0x3A5C,0x3A5C,0x3A5C,
    0x3A5C,0x3A5C,0x3A5C,0x3A5C,0x3A5C,0x3A5C,0x3A5C,0x3A5C,0x3A5C,0x3A5C,0x3A5C,0x3A5C,
    0x3A5C,0x3A5C,0x3A5C,0x3A5C,0x3A5C,0x3A5C,0x3A5C,0x3A5C,0x3A5C,0x3A5C,0x3A5C,0x3A5C,
    0x3A5C,0x53BE,0x53BE,0x53BE,0x53BE,0x53BE,0x53BE,0x53BE,0x53BE,0x53BE,0x53BE,0x53BE,
    0x2D94,0x2D94,0x2D94,0x2D94,0x2D94,0x2D94,0x2D94,0x2D94,0x2D94,0x2D94,0x2D94,0x2D94,
    0x2D94,0x2D94,0x2D94,0x2D94,0x2D94,0x2D94,0x2D94,0x2D94,0x2D94,0x2D94,0x2D94,0x2D94,
    0x2D94,0x2D94,0x2D94,0x2D94,0x2D94,0x2D94,0x2D94,0x2D94,0x2D94,0x2D94,0x2D94,0x2D94,
    0x2D94,0x2D94,0x2D94,0x2D94,0x2D94,0x53BE,0x53BE,0x53BE,0x53BE,0x53BE,0x53BE,0x53BE,
    0x53BE,0x53BE,0x53BE,0x53BE,0x53BE,0x53BE,0x53BE,0x53BE,0x53BE,0x53BE,0x53BE,0x53BE,
    0x53BE,0x53BE,0x53BE,0x53BE,0x53BE,0x53BE,0x53BE,0x53BE,0x53BE,0x53BE,0x53BE,0x53BE,
    0x53BE,0x53BE,0x53BE,0x53BE,0x53BE,0x53BE,0x53BE,0x53BE,0x53BE,0x53BE,0x53BE,0x53BE,
    0x53BE,0x53BE,0x53BE,0x53BE,0x53BE,0x53BE,0x53BE,0x53BE,0x53BE,0x53BE,0x53BE,0x53BE,
    0x53BE,0x53BE,0x53BE,0x53BE,0x53BE,0x53BE,0x53BE,0x53BE,0x53BE,0x53BE,0x53BE,0x53BE,
    0x53BE,0x53BE,0x53BE,0x53BE,0x53BE,0x53BE,0x53BE,0x53BE,0x53BE,0x53BE,0x53BE,0x53BE,
    0x53BE,0x53BE,0x53BE,0x53BE,0x53BE,0x53BE,0x53BE,0x53BE,0x53BE,0x53BE,0x53BE,0x53BE,
    0x53BE,0x53BE,0x53BE,0x53BE,0x53BE,0x53BE,0x53BE,0x53BE,0x53BE,0x53BE,0x53BE,0x53BE,
    0x53BE,0x53BE,0x53BE,0x53BE,0x53BE,0x53BE,0x53BE,0x53BE,0x53BE,0x3A5C,0x3A5C,0x3A5C,
    0x3A5C,0x3A5C,0x3A5C,0x3A5C,0x3A5C,0x3A5C,0x3A5C,0x3A5C,0x3A5C,0x3A5C,0x3A5C,0x3A5C,
    0x3A5C,0x3A5C,0x3A5C,0x3A5C,0x3A5C,0x3A5C,0x3A5C,0x3A5C,0x3A5C,0x3A5C,0x3A5C,0x3A5C,
    0x3A5C,0x3A5C,0x3A5C,0x3A5C,0x3A5C,0x3A5C,0x3A5C,0x3A5C,0x3A5C,0x3A5C,0x3A5C,0x3A5C,
    0x3A5C,0x3A5C,0x3A5C,0x3A5C,0x3A5C,0x3A5C,0x3A5C,0x3A5C,0x3A5C,0x3A5C,0x3A5C,0x3A5C,
    0x3A5C,0x3A5C,0x3A5C,0x3A5C,0x3A5C,0x3A5C,0x3A5C,0x3A5C,0x3A5C,0x3A5C,0x3A5C,0x3A5C,
    0x3A5C,0x3A5C,0x53BE,0x53BE,0x53BE,0x53BE,0x53BE,0x53BE,0x53BE,0x53BE,0x53BE,0x53BE,
    0x53BE,0x53BE,0x53BE,0x53BE,0x53BE,0x53BE,0x53BE,0x53BE,0x53BE,0x53BE,0x53BE,0x53BE,
    0x2D94,0x2D94,0x2D94,0x2D94,0x2D94,0x2D94,0x2D94,0x2D94,0x2D94,0x2D94,0x2D94,0x2D94,
    0x2D94,0x2D94,0x2D94,0x2D94,0x2D94,0x2D94,0x2D94,0x2D94,0x2D94,0x2D94,0x2D94,0x2D94,
    0x2D94,0x2D94,0x2D94,0x2D94,0x2D94,0x2D94,0x2D94,0x2D94,0x2D94,0x2D94,0x2D94,0x2D94,
    0x2D94,0x2D94,0x2D94,0x53BE,0x53BE,0x53BE,0x53BE,0x53BE,0x53BE,0x53BE,0x53BE,0x53BE,
    0x53BE,0x53BE,0x53BE,0x53BE,0x53BE,0x53BE,0x53BE,0x53BE,0x53BE,0x53BE,0x53BE,0x53BE,
    0x53BE,0x53BE,0x53BE,0x53BE,0x53BE,0x53BE,0x53BE,0x53BE,0x53BE,0x53BE,0x53BE,0x53BE,
    0x53BE,0x53BE,0x53BE,0x53BE,0x53BE,0x53BE,0x53BE,0x53BE,0x53BE,0x53BE,0x53BE,0x53BE,
    0x53BE,0x53BE,0x53BE,0x53BE,0x53BE,0x53BE,0x53BE,0x53BE,0x53BE,0x53BE,0x53BE,0x53BE,
    0x53BE,0x53BE,0x53BE,0x53BE,0x53BE,0x53BE,0x53BE,0x53BE,0x53BE,0x53BE,0x53BE,0x53BE,
    0x53BE,0x53BE,0x53BE,0x53BE,0x53BE,0x53BE,0x53BE,0x53BE,0x53BE,0x53BE,0x53BE,0x53BE,
    0x53BE,0x53BE,0x53BE,0x53BE,0x53BE,0x53BE,0x0000,0x53BE,0x53BE,0x53BE,0x53BE,0x53BE,
    0x53BE,0x53BE,0x53BE,0x53BE,0x53BE,0x53BE,0x53BE,0x53BE,0x53BE,0x53BE,0x53BE,0x53BE,
    0x53BE,0x53BE,0x53BE,0x53BE,0x53BE,0x53BE,0x53BE,0x53BE,0x53BE,0x53BE,0x53BE,0x3A5C,
    0x3A5C,0x3A5C,0x3A5C,0x3A5C,0x3A5C,0x3A5C,0x3A5C,0x3A5C,0x3A5C,0x3A5C,0x3A5C,0x3A5C,
    0x3A5C,0x3A5C,0x3A5C,0x3A5C,0x3A5C,0x3A5C,0x3A5C,0x3A5C,0x3A5C,0x3A5C,0x3A5C,0x3A5C,
    0x3A5C,0x3A5C,0x3A5C,0x3A5C,0x53BE,0x53BE,0x53BE,0x53BE,0x53BE,0x53BE,0x53BE,0x53BE,
    0x53BE,0x53BE,0x53BE,0x53BE,0x53BE,0x53BE,0x53BE,0x53BE,0x53BE,0x53BE,0x53BE,0x53BE,
    0x53BE,0x53BE,0x53BE,0x53BE,0x53BE,0x53BE,0x53BE,0x53BE,0x53BE,0x53BE,0x53BE,0x53BE,
    0x53BE,0x53BE,0x53BE,0x53BE,0x53BE,0x53BE,0x53BE,0x53BE,0x53BE,0x53BE,0x53BE,0x53BE,
    0x53BE,0x53BE,0x53BE,0x53BE,0x53BE,0x53BE,0x53BE,0x53BE,0x53BE,0x53BE,0x53BE,0x53BE,
    0x2D94,0x2D94,0x2D94,0x2D94,0x2D94,0x2D94,0x2D94,0x2D94,0x2D94,0x2D94,0x2D94,0x2D94,
    0x2D94,0x2D94,0x2D94,0x2D94,0x2D94,0x2D94,0x2D94,0x2D94,0x2D94,0x2D94,0x2D94,0x2D94,
    0x2D94,0x2D94,0x2D94,0x2D94,0x2D94,0x2D94,0x2D94,0x2D94,0x2D94,0x2D94,0x2D94,0x2D94,
    0x2D94,0x2D94,0x53BE,0x53BE,0x53BE,0x53BE,0x53BE,0x53BE,0x53BE,0x53BE,0x53BE,0x53BE,
    0x53BE,0x53BE,0x53BE,0x53BE,0x53BE,0x53BE,0x53BE,0x53BE,0x53BE,0x53BE,0x53BE,0x53BE,
    0x53BE,0x53BE,0x53BE,0x53BE,0x53BE,0x53BE,0x53BE,0x53BE,0x53BE,0x53BE,0x53BE,0x53BE,
    0x53BE,0x53BE,0x53BE,0x53BE,0x53BE,0x53BE,0x53BE,0x53BE,0x53BE,0x53BE,0x53BE,0x53BE,
    0x53BE,0x53BE,0x53BE,0x53BE,0x53BE,0x53BE,0x53BE,0x53BE,0x53BE,0x53BE,0x53BE,0x53BE,
    0x53BE,0x53BE,0x53BE,0x53BE,0x53BE,0x53BE,0x53BE,0x53BE,0x53BE,0x53BE,0x53BE,0x53BE,
    0x53BE,0x53BE,0x53BE,0x53BE,0x53BE,0x53BE,0x53BE,0x53BE,0x53BE,0x53BE,0x53BE,0x53BE,
    0x53BE,0x53BE,0x53BE,0x53BE,0x53BE,0x53BE,0x53BE,0x53BE,0x53BE,0x53BE,0x53BE,0x53BE,
    0x53BE,0x53BE,0x53BE,0x53BE,0x53BE,0x53BE,0x53BE,0x53BE,0x53BE,0x53BE,0x53BE,0x53BE,
    0x53BE,0x53BE,0x53BE,0x53BE,0x53BE,0x53BE,0x53BE,0x53BE,0x53BE,0x53BE,0x53BE,0x53BE,
    0x53BE,0x53BE,0x53BE,0x53BE,0x53BE,0x53BE,0x53BE,0x53BE,0x53BE,0x53BE,0x53BE,0x53BE,
    0x53BE,0x53BE,0x53BE,0x53BE,0x53BE,0x53BE,0x53BE,0x53BE,0x53BE,0x53BE,0x53BE,0x53BE,
    0x53BE,0x53BE,0x53BE,0x53BE,0x53BE,0x53BE,0x53BE,0x53BE,0x53BE,0x53BE,0x53BE,0x53BE,
    0x53BE,0x53BE,0x53BE,0x53BE,0x53BE,0x53BE,0x53BE,0x53BE,0x53BE,0x53BE,0x53BE,0x53BE,
    0x53BE,0x53BE,0x53BE,0x53BE,0x53BE,0x53BE,0x53BE,0x53BE,0x53BE,0x53BE,0x53BE,0x53BE,
    0x53BE,0x53BE,0x53BE,0x53BE,0x53BE,0x53BE,0x53BE,0x53BE,0x53BE,0x53BE,0x53BE,0x53BE,
    0x53BE,0x53BE,0x53BE,0x53BE,0x53BE,0x53BE,0x53BE,0x53BE,0x53BE,0x53BE,0x53BE,0x53BE,
    0x2D94,0x2D94,0x2D94,0x2D94,0x2D94,0x2D94,0x2D94,0x2D94,0x2D94,0x2D94,0x2D94,0x2D94,
    0x2D94,0x2D94,0x2D94,0x2D94,0x2D94,0x2D94,0x2D94,0x2D94,0x2D94,0x2D94,0x2D94,0x2D94,
    0x2D94,0x2D94,0x2D94,0x2D94,0x2D94,0x2D94,0x2D94,0x2D94,0x2D94,0x2D94,0x2D94,0x2D94,
    0x2D94,0x53BE,0x53BE,0x53BE,0x53BE,0x53BE,0x53BE,0x53BE,0x53BE,0x53BE,0x53BE,0x53BE,
    0x53BE,0x53BE,0x53BE,0x53BE,0x53BE,0x53BE,0x53BE,0x53BE,0x53BE,0x53BE,0x53BE,0x53BE,
    0x53BE,0x53BE,0x53BE,0x53BE,0x53BE,0x53BE,0x53BE,0x53BE,0x53BE,0x53BE,0x53BE,0x53BE,
    0x53BE,0x53BE,0x53BE,0x53BE,0x53BE,0x53BE,0x53BE,0x53BE,0x53BE,0x53BE,0x53BE,0x53BE,
    0x53BE,0x53BE,0x53BE,0x53BE,0x53BE,0x53BE,0x53BE,0x53BE,0x53BE,0x53BE,0x53BE,0x53BE,
    0x53BE,0x53BE,0x53BE,0x53BE,0x53BE,0x53BE,0x53BE,0x53BE,0x53BE,0x53BE,0x53BE,0x53BE,
    0x53BE,0x53BE,0x53BE,0x53BE,0x53BE,0x53BE,0x53BE,0x53BE,0x53BE,0x53BE,0x53BE,0x53BE,
    0x53BE,0x53BE,0x53BE,0x53BE,0x53BE,0x53BE,0x53BE,0x53BE,0x53BE,0x53BE,0x53BE,0x53BE,
    0x53BE,0x53BE,0x53BE,0x53BE,0x53BE,0x53BE,0x53BE,0x53BE,0x53BE,0x53BE,0x53BE,0x53BE,
    0x53BE,0x53BE,0x53BE,0x53BE,0x53BE,0x53BE,0x53BE,0x53BE,0x53BE,0x53BE,0x53BE,0x53BE,
    0x53BE,0x53BE,0x53BE,0x53BE,0x53BE,0x53BE,0x53BE,0x53BE,0x53BE,0x53BE,0x53BE,0x53BE,
    0x53BE,0x53BE,0x53BE,0x53BE,0x53BE,0x53BE,0x53BE,0x53BE,0x53BE,0x53BE,0x53BE,0x53BE,
    0x53BE,0x53BE,0x53BE,0x53BE,0x53BE,0x53BE,0x53BE,0x53BE,0x53BE,0x53BE,0x53BE,0x53BE,
    0x53BE,0x53BE,0x53BE,0x53BE,0x53BE,0x53BE,0x53BE,0x53BE,0x53BE,0x53BE,0x53BE,0x53BE,
    0x53BE,0x53BE,0x53BE,0x53BE,0x53BE,0x53BE,0x53BE,0x53BE,0x53BE,0x53BE,0x53BE,0x53BE,
    0x53BE,0x53BE,0x53BE,0x53BE,0x53BE,0x53BE,0x53BE,0x53BE,0x53BE,0x53BE,0x53BE,0x53BE,
    0x53BE,0x53BE,0x53BE,0x53BE,0x53BE,0x53BE,0x53BE,0x53BE,0x53BE,0x53BE,0x53BE,0x53BE,
    0x2D94,0x2D94,0x2D94,0x2D94,0x2D94,0x2D94,0x2D94,0x2D94,0x2D94,0x2D94,0x2D94,0x2D94,
    0x2D94,0x2D94,0x2D94,0x2D94,0x2D94,0x2D94,0x2D94,0x2D94,0x2D94,0x2D94,0x2D94,0x2D94,
    0x2D94,0x2D94,0x2D94,0x2D94,0x2D94,0x2D94,0x2D94,0x2D94,0x2D94,0x2D94,0x2D94,0x2D94,
    0x53BE,0x53BE,0x53BE,0x53BE,0x53BE,0x53BE,0x53BE,0x53BE,0x53BE,0x53BE,0x53BE,0x53BE,
    0x53BE,0x53BE,0x53BE,0x53BE,0x53BE,0x53BE,0x53BE,0x53BE,0x53BE,0x53BE,0x53BE,0x53BE,
    0x53BE,0x53BE,0x53BE,0x53BE,0x53BE,0x53BE,0x53BE,0x53BE,0x53BE,0x53BE,0x53BE,0x53BE,
    0x53BE,0x53BE,0x53BE,0x53BE,0x53BE,0x53BE,0x53BE,0x53BE,0x53BE,0x53BE,0x53BE,0x53BE,
    0x53BE,0x53BE,0x53BE,0x53BE,0x53BE,0x53BE,0x53BE,0x53BE,0x53BE,0x53BE,0x53BE,0x53BE,
    0x53BE,0x53BE,0x53BE,0x53BE,0x53BE,0x53BE,0x53BE,0x53BE,0x53BE,0x53BE,0x53BE,0x53BE,
    0x53BE,0x53BE,0x53BE,0x53BE,0x53BE,0x53BE,0x53BE,0x53BE,0x53BE,0x53BE,0x53BE,0x53BE,
    0x53BE,0x53BE,0x53BE,0x53BE,0x53BE,0x53BE,0x53BE,0x53BE,0x53BE,0x53BE,0x53BE,0x53BE,
    0x53BE,0x53BE,0x53BE,0x53BE,0x53BE,0x53BE,0x53BE,0x53BE,0x53BE,0x53BE,0x53BE,0x53BE,
    0x53BE,0x53BE,0x53BE,0x53BE,0x53BE,0x53BE,0x53BE,0x53BE,0x53BE,0x53BE,0x53BE,0x53BE,
    0x53BE,0x53BE,0x53BE,0x53BE,0x53BE,0x53BE,0x53BE,0x53BE,0x53BE,0x53BE,0x53BE,0x53BE,
    0x53BE,0x53BE,0x53BE,0x53BE,0x53BE,0x53BE,0x53BE,0x53BE,0x53BE,0x53BE,0x53BE,0x53BE,
    0x53BE,0x53BE,0x53BE,0x53BE,0x53BE,0x53BE,0x53BE,0x53BE,0x53BE,0x53BE,0x53BE,0x53BE,
    0x53BE,0x53BE,0x53BE,0x53BE,0x53BE,0x53BE,0x53BE,0x53BE,0x53BE,0x53BE,0x53BE,0x53BE,
    0x53BE,0x53BE,0x53BE,0x53BE,0x53BE,0x53BE,0x53BE,0x53BE,0x53BE,0x53BE,0x53BE,0x53BE,
    0x53BE,0x53BE,0x53BE,0x53BE,0x53BE,0x53BE,0x53BE,0x53BE,0x53BE,0x53BE,0x53BE,0x53BE,
    0x53BE,0x53BE,0x53BE,0x53BE,0x53BE,0x53BE,0x53BE,0x53BE,0x53BE,0x53BE,0x53BE,0x53BE,
    0x2D94,0x2D94,0x2D94,0x2D94,0x2D94,0x2D94,0x2D94,0x2D94,0x2D94,0x2D94,0x2D94,0x2D94,
    0x2D94,0x2D94,0x2D94,0x2D94,0x2D94,0x2D94,0x2D94,0x2D94,0x2D94,0x2D94,0x2D94,0x2D94,
    0x2D94,0x2D94,0x2D94,0x2D94,0x2D94,0x2D94,0x2D94,0x2D94,0x2D94,0x2D94,0x2D94,0x2D94,
    0x53BE,0x53BE,0x53BE,0x53BE,0x53BE,0x53BE,0x53BE,0x53BE,0x53BE,0x53BE,0x53BE,0x53BE,
    0x53BE,0x53BE,0x53BE,0x53BE,0x53BE,0x53BE,0x53BE,0x53BE,0x53BE,0x53BE,0x53BE,0x53BE,
    0x53BE,0x53BE,0x53BE,0x53BE,0x53BE,0x53BE,0x53BE,0x53BE,0x53BE,0x53BE,0x53BE,0x53BE,
    0x53BE,0x53BE,0x53BE,0x53BE,0x53BE,0x53BE,0x53BE,0x53BE,0x53BE,0x53BE,0x53BE,0x53BE,
    0x53BE,0x53BE,0x53BE,0x53BE,0x53BE,0x53BE,0x53BE,0x53BE,0x53BE,0x53BE,0x53BE,0x53BE,
    0x53BE,0x53BE,0x53BE,0x53BE,0x53BE,0x53BE,0x53BE,0x53BE,0x53BE,0x53BE,0x53BE,0x53BE,
    0x53BE,0x53BE,0x53BE,0x53BE,0x53BE,0x53BE,0x53BE,0x53BE,0x53BE,0x53BE,0x53BE,0x53BE,
    0x53BE,0x53BE,0x53BE,0x53BE,0x53BE,0x53BE,0x53BE,0x53BE,0x53BE,0x53BE,0x53BE,0x53BE,
    0x53BE,0x53BE,0x53BE,0x53BE,0x53BE,0x53BE,0x53BE,0x53BE,0x53BE,0x53BE,0x53BE,0x53BE,
    0x53BE,0x53BE,0x53BE,0x53BE,0x53BE,0x53BE,0x53BE,0x0000,0x0000,0x53BE,0x53BE,0x53BE,
    0x53BE,0x53BE,0x53BE,0x53BE,0x53BE,0x53BE,0x53BE,0x53BE,0x53BE,0x53BE,0x53BE,0x53BE,
    0x53BE,0x53BE,0x53BE,0x53BE,0x53BE,0x53BE,0x53BE,0x53BE,0x53BE,0x53BE,0x53BE,0x53BE,
    0x53BE,0x53BE,0x53BE,0x53BE,0x53BE,0x53BE,0x53BE,0x53BE,0x53BE,0x53BE,0x53BE,0x53BE,
    0x53BE,0x53BE,0x53BE,0x53BE,0x53BE,0x53BE,0x53BE,0x53BE,0x53BE,0x53BE,0x53BE,0x53BE,
    0x53BE,0x53BE,0x53BE,0x53BE,0x53BE,0x53BE,0x53BE,0x53BE,0x53BE,0x53BE,0x53BE,0x53BE,
    0x53BE,0x53BE,0x53BE,0x53BE,0x53BE,0x53BE,0x53BE,0x53BE,0x53BE,0x53BE,0x53BE,0x53BE,
    0x53BE,0x53BE,0x53BE,0x53BE,0x53BE,0x53BE,0x53BE,0x53BE,0x53BE,0x53BE,0x53BE,0x53BE,
    0x2D94,0x2D94,0x2D94,0x2D94,0x2D94,0x2D94,0x2D94,0x2D94,0x2D94,0x2D94,0x2D94,0x2D94,
    0x2D94,0x2D94,0x2D94,0x2D94,0x2D94,0x2D94,0x2D94,0x2D94,0x2D94,0x2D94,0x2D94,0x2D94,
    0x2D94,0x2D94,0x2D94,0x2D94,0x2D94,0x2D94,0x2D94,0x2D94,0x2D94,0x2D94,0x2D94,0x53BE,
    0x53BE,0x53BE,0x53BE,0x53BE,0x53BE,0x53BE,0x53BE,0x53BE,0x53BE,0x53BE,0x53BE,0x53BE,
    0x53BE,0x53BE,0x53BE,0x53BE,0x53BE,0x53BE,0x53BE,0x53BE,0x53BE,0x53BE,0x53BE,0x53BE,
    0x53BE,0x53BE,0x53BE,0x53BE,0x53BE,0x53BE,0x53BE,0x53BE,0x53BE,0x53BE,0x53BE,0x53BE,
    0x53BE,0x53BE,0x53BE,0x53BE,0x53BE,0x53BE,0x53BE,0x53BE,0x53BE,0x53BE,0x53BE,0x53BE,
    0x53BE,0x53BE,0x53BE,0x53BE,0x53BE,0x53BE,0x53BE,0x53BE,0x53BE,0x53BE,0x53BE,0x53BE,
    0x53BE,0x53BE,0x53BE,0x53BE,0x53BE,0x53BE,0x53BE,0x53BE,0x53BE,0x53BE,0x53BE,0x53BE,
    0x53BE,0x53BE,0x53BE,0x53BE,0x53BE,0x53BE,0x53BE,0x53BE,0x53BE,0x53BE,0x53BE,0x53BE,
    0x53BE,0x53BE,0x53BE,0x53BE,0x53BE,0x53BE,0x53BE,0x53BE,0x53BE,0x53BE,0x53BE,0x53BE,
    0x53BE,0x53BE,0x53BE,0x53BE,0x53BE,0x53BE,0x53BE,0x53BE,0x53BE,0x53BE,0x53BE,0x53BE,
    0x53BE,0x53BE,0x53BE,0x53BE,0x53BE,0x53BE,0x53BE,0x53BE,0x53BE,0x53BE,0x53BE,0x53BE,
    0x53BE,0x53BE,0x53BE,0x53BE,0x53BE,0x53BE,0x53BE,0x53BE,0x53BE,0x53BE,0x53BE,0x53BE,
    0x53BE,0x53BE,0x53BE,0x53BE,0x53BE,0x53BE,0x53BE,0x53BE,0x53BE,0x53BE,0x53BE,0x53BE,
    0x53BE,0x53BE,0x53BE,0x53BE,0x53BE,0x53BE,0x53BE,0x53BE,0x53BE,0x53BE,0x53BE,0x53BE,
    0x53BE,0x53BE,0x53BE,0x53BE,0x53BE,0x53BE,0x53BE,0x53BE,0x53BE,0x53BE,0x53BE,0x53BE,
    0x53BE,0x53BE,0x53BE,0x53BE,0x53BE,0x53BE,0x53BE,0x53BE,0x53BE,0x53BE,0x53BE,0x53BE,
    0x53BE,0x53BE,0x53BE,0x53BE,0x53BE,0x53BE,0x53BE,0x53BE,0x53BE,0x53BE,0x53BE,0x53BE,
    0x53BE,0x53BE,0x53BE,0x53BE,0x53BE,0x53BE,0x53BE,0x53BE,0x53BE,0x53BE,0x53BE,0x53BE,
    0x2D94,0x2D94,0x2D94,0x2D94,0x2D94,0x2D94,0x2D94,0x2D94,0x2D94,0x2D94,0x2D94,0x2D94,
    0x2D94,0x2D94,0x2D94,0x2D94,0x2D94,0x2D94,0x2D94,0x2D94,0x2D94,0x2D94,0x2D94,0x2D94,
    0x2D94,0x2D94,0x2D94,0x2D94,0x2D94,0x2D94,0x2D94,0x2D94,0x2D94,0x2D94,0x53BE,0x53BE,
    0x53BE,0x53BE,0x53BE,0x53BE,0x53BE,0x53BE,0x53BE,0x53BE,0x53BE,0x53BE,0x53BE,0x53BE,
    0x53BE,0x53BE,0x53BE,0x53BE,0x53BE,0x53BE,0x53BE,0x53BE,0x53BE,0x53BE,0x53BE,0x53BE,
    0x53BE,0x53BE,0x53BE,0x53BE,0x53BE,0x53BE,0x53BE,0x53BE,0x53BE,0x53BE,0x53BE,0x53BE,
    0x53BE,0x53BE,0x53BE,0x53BE,0x53BE,0x53BE,0x53BE,0x53BE,0x53BE,0x53BE,0x53BE,0x53BE,
    0x53BE,0x53BE,0x53BE,0x53BE,0x53BE,0x53BE,0x53BE,0x53BE,0x53BE,0x53BE,0x53BE,0x53BE,
    0x53BE,0x53BE,0x53BE,0x53BE,0x53BE,0x53BE,0x53BE,0x53BE,0x53BE,0x53BE,0x53BE,0x53BE,
    0x53BE,0x53BE,0x53BE,0x53BE,0x53BE,0x53BE,0x53BE,0x53BE,0x53BE,0x53BE,0x53BE,0x53BE,
    0x53BE,0x53BE,0x53BE,0x53BE,0x53BE,0x53BE,0x53BE,0x53BE,0x53BE,0x53BE,0x53BE,0x53BE,
    0x53BE,0x53BE,0x53BE,0x53BE,0x53BE,0x53BE,0x53BE,0x53BE,0x53BE,0x53BE,0x53BE,0x53BE,
    0x53BE,0x53BE,0x53BE,0x53BE,0x53BE,0x53BE,0x53BE,0x53BE,0x53BE,0x53BE,0x53BE,0x53BE,
    0x53BE,0x53BE,0x53BE,0x53BE,0x53BE,0x53BE,0x53BE,0x53BE,0x53BE,0x53BE,0x53BE,0x53BE,
    0x53BE,0x53BE,0x53BE,0x53BE,0x53BE,0x53BE,0x53BE,0x53BE,0x53BE,0x53BE,0x53BE,0x53BE,
    0x53BE,0x53BE,0x53BE,0x53BE,0x53BE,0x53BE,0x53BE,0x53BE,0x53BE,0x53BE,0x53BE,0x53BE,
    0x53BE,0x53BE,0x53BE,0x53BE,0x53BE,0x53BE,0x53BE,0x53BE,0x53BE,0x53BE,0x53BE,0x53BE,
    0x53BE,0x53BE,0x53BE,0x53BE,0x53BE,0x53BE,0x53BE,0x53BE,0x53BE,0x53BE,0x53BE,0x53BE,
    0x53BE,0x53BE,0x53BE,0x53BE,0x53BE,0x53BE,0x53BE,0x53BE,0x53BE,0x53BE,0x53BE,0x53BE,
    0x53BE,0x53BE,0x53BE,0x53BE,0x53BE,0x53BE,0x53BE,0x53BE,0x53BE,0x53BE,0x53BE,0x53BE,
    0x2D94,0x2D94,0x2D94,0x2D94,0x2D94,0x2D94,0x2D94,0x2D94,0x2D94,0x2D94,0x2D94,0x2D94,
    0x2D94,0x2D94,0x2D94,0x2D94,0x2D94,0x2D94,0x2D94,0x2D94,0x2D94,0x2D94,0x2D94,0x2D94,
    0x2D94,0x2D94,0x2D94,0x2D94,0x2D94,0x2D94,0x2D94,0x2D94,0x2D94,0x2D94,0x53BE,0x53BE,
    0x53BE,0x53BE,0x53BE,0x53BE,0x53BE,0x53BE,0x53BE,0x53BE,0x53BE,0x53BE,0x53BE,0x53BE,
    0x53BE,0x53BE,0x53BE,0x53BE,0x53BE,0x53BE,0x53BE,0x53BE,0x53BE,0x53BE,0x53BE,0x53BE,
    0x53BE,0x53BE,0x53BE,0x53BE,0x53BE,0x53BE,0x53BE,0x53BE,0x53BE,0x53BE,0x53BE,0x53BE,
    0x53BE,0x53BE,0x53BE,0x53BE,0x53BE,0x53BE,0x53BE,0x53BE,0x53BE,0x53BE,0x53BE,0x53BE,
    0x53BE,0x53BE,0x53BE,0x53BE,0x53BE,0x53BE,0x53BE,0x53BE,0x53BE,0x53BE,0x53BE,0x53BE,
    0x53BE,0x53BE,0x53BE,0x53BE,0x53BE,0x53BE,0x53BE,0x53BE,0x53BE,0x53BE,0x53BE,0x53BE,
    0x53BE,0x53BE,0x53BE,0x53BE,0x53BE,0x53BE,0x53BE,0x53BE,0x53BE,0x53BE,0x53BE,0x53BE,
    0x53BE,0x53BE,0x53BE,0x53BE,0x53BE,0x53BE,0x53BE,0x53BE,0x53BE,0x53BE,0x53BE,0x53BE,
    0x53BE,0x53BE,0x53BE,0x53BE,0x53BE,0x53BE,0x53BE,0x53BE,0x53BE,0x53BE,0x53BE,0x53BE,
    0x53BE,0x53BE,0x53BE,0x53BE,0x53BE,0x53BE,0x53BE,0x53BE,0x53BE,0x53BE,0x53BE,0x53BE,
    0x53BE,0x53BE,0x53BE,0x53BE,0x53BE,0x53BE,0x53BE,0x0000,0x0000,0x0000,0x53BE,0x53BE,
    0x53BE,0x53BE,0x53BE,0x53BE,0x53BE,0x53BE,0x53BE,0x53BE,0x53BE,0x53BE,0x53BE,0x53BE,
    0x53BE,0x53BE,0x53BE,0x53BE,0x53BE,0x53BE,0x53BE,0x53BE,0x53BE,0x53BE,0x53BE,0x53BE,
    0x53BE,0x53BE,0x53BE,0x53BE,0x53BE,0x53BE,0x53BE,0x53BE,0x53BE,0x53BE,0x53BE,0x53BE,
    0x53BE,0x53BE,0x53BE,0x53BE,0x53BE,0x53BE,0x53BE,0x53BE,0x53BE,0x53BE,0x53BE,0x53BE,
    0x53BE,0x53BE,0x53BE,0x53BE,0x53BE,0x53BE,0x53BE,0x53BE,0x53BE,0x53BE,0x53BE,0x53BE,
    0x53BE,0x53BE,0x53BE,0x53BE,0x53BE,0x53BE,0x53BE,0x53BE,0x53BE,0x53BE,0x53BE,0x53BE,
    0x2D94,0x2D94,0x2D94,0x2D94,0x2D94,0x2D94,0x2D94,0x2D94,0x2D94,0x2D94,0x2D94,0x2D94,
    0x2D94,0x2D94,0x2D94,0x2D94,0x2D94,0x2D94,0x2D94,0x2D94,0x2D94,0x2D94,0x2D94,0x2D94,
    0x2D94,0x2D94,0x2D94,0x2D94,0x2D94,0x2D94,0x2D94,0x2D94,0x2D94,0x53BE,0x53BE,0x53BE,
    0x53BE,0x53BE,0x53BE,0x53BE,0x53BE,0x53BE,0x53BE,0x53BE,0x53BE,0x53BE,0x53BE,0x53BE,
    0x53BE,0x53BE,0x53BE,0x53BE,0x53BE,0x53BE,0x53BE,0x53BE,0x53BE,0x53BE,0x53BE,0x53BE,
    0x53BE,0x53BE,0x53BE,0x53BE,0x53BE,0x53BE,0x53BE,0x53BE,0x53BE,0x53BE,0x53BE,0x53BE,
    0x53BE,0x53BE,0x53BE,0x53BE,0x53BE,0x53BE,0x53BE,0x53BE,0x53BE,0x53BE,0x53BE,0x53BE,
    0x53BE,0x53BE,0x53BE,0x53BE,0x53BE,0x53BE,0x53BE,0x53BE,0x53BE,0x53BE,0x53BE,0x53BE,
    0x53BE,0x53BE,0x53BE,0x53BE,0x53BE,0x53BE,0x53BE,0x53BE,0x53BE,0x53BE,0x53BE,0x53BE,
    0x53BE,0x53BE,0x53BE,0x53BE,0x53BE,0x53BE,0x53BE,0x53BE,0x53BE,0x53BE,0x53BE,0x53BE,
    0x53BE,0x53BE,0x53BE,0x53BE,0x53BE,0x53BE,0x53BE,0x53BE,0x53BE,0x53BE,0x53BE,0x53BE,
    0x53BE,0x53BE,0x53BE,0x53BE,0x53BE,0x53BE,0x53BE,0x53BE,0x53BE,0x53BE,0x53BE,0x53BE,
    0x53BE,0x53BE,0x53BE,0x53BE,0x53BE,0x53BE,0x53BE,0x53BE,0x53BE,0x53BE,0x53BE,0x53BE,
    0x53BE,0x53BE,0x53BE,0x53BE,0x53BE,0x53BE,0x53BE,0x53BE,0x53BE,0x53BE,0x53BE,0x53BE,
    0x53BE,0x53BE,0x53BE,0x0000,0x0000,0x0000,0x53BE,0x53BE,0x53BE,0x53BE,0x53BE,0x53BE,
    0x53BE,0x53BE,0x53BE,0x53BE,0x53BE,0x53BE,0x53BE,0x53BE,0x53BE,0x53BE,0x53BE,0x53BE,
    0x53BE,0x53BE,0x53BE,0x53BE,0x53BE,0x53BE,0x53BE,0x53BE,0x53BE,0x53BE,0x53BE,0x53BE,
    0x53BE,0x53BE,0x53BE,0x53BE,0x53BE,0x53BE,0x53BE,0x53BE,0x53BE,0x53BE,0x53BE,0x53BE,
    0x53BE,0x53BE,0x53BE,0x53BE,0x53BE,0x53BE,0x53BE,0x53BE,0x53BE,0x53BE,0x53BE,0x53BE,
    0x53BE,0x53BE,0x53BE,0x53BE,0x53BE,0x53BE,0x53BE,0x53BE,0x53BE,0x53BE,0x53BE,0x53BE,
    0x2D94,0x2D94,0x2D94,0x2D94,0x2D94,0x2D94,0x2D94,0x2D94,0x2D94,0x2D94,0x2D94,0x2D94,
    0x2D94,0x2D94,0x2D94,0x2D94,0x2D94,0x2D94,0x2D94,0x2D94,0x2D94,0x2D94,0x2D94,0x2D94,
    0x2D94,0x2D94,0x2D94,0x2D94,0x2D94,0x2D94,0x2D94,0x2D94,0x20C8,0x53BE,0x53BE,0x53BE,
    0x53BE,0x53BE,0x53BE,0x53BE,0x53BE,0x53BE,0x53BE,0x53BE,0x53BE,0x53BE,0x53BE,0x53BE,
    0x53BE,0x53BE,0x53BE,0x53BE,0x53BE,0x53BE,0x53BE,0x53BE,0x53BE,0x53BE,0x53BE,0x53BE,
    0x53BE,0x53BE,0x53BE,0x53BE,0x53BE,0x53BE,0x53BE,0x53BE,0x53BE,0x53BE,0x53BE,0x53BE,
    0x53BE,0x53BE,0x53BE,0x53BE,0x53BE,0x53BE,0x53BE,0x53BE,0x53BE,0x53BE,0x53BE,0x53BE,
    0x53BE,0x53BE,0x53BE,0x53BE,0x53BE,0x53BE,0x53BE,0x53BE,0x53BE,0x53BE,0x53BE,0x53BE,
    0x53BE,0x53BE,0x53BE,0x53BE,0x53BE,0x53BE,0x53BE,0x53BE,0x53BE,0x53BE,0x53BE,0x53BE,
    0x53BE,0x53BE,0x53BE,0x53BE,0x53BE,0x53BE,0x53BE,0x53BE,0x53BE,0x53BE,0x53BE,0x53BE,
    0x53BE,0x53BE,0x53BE,0x53BE,0x53BE,0x53BE,0x53BE,0x53BE,0x53BE,0x53BE,0x53BE,0x53BE,
    0x53BE,0x53BE,0x53BE,0x53BE,0x53BE,0x53BE,0x53BE,0x53BE,0x53BE,0x53BE,0x53BE,0x53BE,
    0x53BE,0x53BE,0x53BE,0x53BE,0x53BE,0x53BE,0x53BE,0x53BE,0x53BE,0x53BE,0x53BE,0x53BE,
    0x53BE,0x53BE,0x53BE,0x53BE,0x53BE,0x53BE,0x53BE,0x53BE,0x53BE,0x53BE,0x53BE,0x53BE,
    0x53BE,0x53BE,0x53BE,0x53BE,0x53BE,0x53BE,0x53BE,0x53BE,0x53BE,0x53BE,0x53BE,0x0000,
    0x0000,0x53BE,0x53BE,0x53BE,0x53BE,0x53BE,0x53BE,0x53BE,0x53BE,0x53BE,0x53BE,0x53BE,
    0x53BE,0x53BE,0x53BE,0x53BE,0x53BE,0x53BE,0x53BE,0x53BE,0x53BE,0x53BE,0x53BE,0x53BE,
    0x53BE,0x53BE,0x53BE,0x53BE,0x53BE,0x53BE,0x53BE,0x53BE,0x53BE,0x53BE,0x53BE,0x53BE,
    0x53BE,0x53BE,0x53BE,0x53BE,0x53BE,0x53BE,0x53BE,0x53BE,0x53BE,0x53BE,0x53BE,0x53BE,
    0x53BE,0x53BE,0x53BE,0x53BE,0x53BE,0x53BE,0x53BE,0x53BE,0x53BE,0x53BE,0x53BE,0x53BE,
    0x2D94,0x2D94,0x2D94,0x2D94,0x2D94,0x2D94,0x2D94,0x2D94,0x2D94,0x2D94,0x2D94,0x2D94,
    0x2D94,0x2D94,0x2D94,0x2D94,0x2D94,0x2D94,0x2D94,0x2D94,0x2D94,0x2D94,0x2D94,0x2D94,
    0x2D94,0x2D94,0x2D94,0x2D94,0x2D94,0x2D94,0x2D94,0x2D94,0x53BE,0x20C8,0x53BE,0x53BE,
    0x53BE,0x53BE,0x53BE,0x53BE,0x53BE,0x53BE,0x53BE,0x53BE,0x53BE,0x53BE,0x53BE,0x53BE,
    0x53BE,0x53BE,0x53BE,0x53BE,0x53BE,0x53BE,0x53BE,0x53BE,0x53BE,0x53BE,0x53BE,0x53BE,
    0x53BE,0x53BE,0x53BE,0x53BE,0x53BE,0x53BE,0x53BE,0x53BE,0x53BE,0x53BE,0x53BE,0x53BE,
    0x53BE,0x53BE,0x53BE,0x53BE,0x53BE,0x53BE,0x53BE,0x53BE,0x53BE,0x53BE,0x53BE,0x53BE,
    0x53BE,0x53BE,0x53BE,0x53BE,0x53BE,0x53BE,0x53BE,0x53BE,0x53BE,0x53BE,0x53BE,0x53BE,
    0x53BE,0x53BE,0x53BE,0x53BE,0x53BE,0x53BE,0x53BE,0x53BE,0x53BE,0x53BE,0x53BE,0x53BE,
    0x53BE,0x53BE,0x53BE,0x53BE,0x53BE,0x53BE,0x53BE,0x53BE,0x53BE,0x53BE,0x53BE,0x53BE,
    0x53BE,0x53BE,0x53BE,0x53BE,0x53BE,0x53BE,0x53BE,0x53BE,0x53BE,0x53BE,0x53BE,0x53BE,
    0x53BE,0x53BE,0x53BE,0x53BE,0x53BE,0x53BE,0x53BE,0x53BE,0x53BE,0x53BE,0x53BE,0x53BE,
    0x53BE,0x53BE,0x53BE,0x53BE,0x53BE,0x53BE,0x53BE,0x53BE,0x53BE,0x53BE,0x53BE,0x53BE,
    0x53BE,0x53BE,0x53BE,0x53BE,0x53BE,0x53BE,0x53BE,0x53BE,0x53BE,0x53BE,0x53BE,0x53BE,
    0x53BE,0x53BE,0x53BE,0x53BE,0x53BE,0x53BE,0x53BE,0x53BE,0x53BE,0x53BE,0x53BE,0x53BE,
    0x53BE,0x53BE,0x53BE,0x53BE,0x53BE,0x53BE,0x53BE,0x0000,0x53BE,0x53BE,0x53BE,0x53BE,
    0x53BE,0x53BE,0x53BE,0x53BE,0x53BE,0x53BE,0x53BE,0x53BE,0x53BE,0x53BE,0x53BE,0x53BE,
    0x53BE,0x53BE,0x53BE,0x53BE,0x53BE,0x53BE,0x53BE,0x53BE,0x53BE,0x53BE,0x53BE,0x53BE,
    0x53BE,0x53BE,0x53BE,0x53BE,0x53BE,0x53BE,0x53BE,0x53BE,0x53BE,0x53BE,0x53BE,0x53BE,
    0x53BE,0x53BE,0x53BE,0x53BE,0x53BE,0x53BE,0x53BE,0x53BE,0x53BE,0x53BE,0x53BE,0x53BE,
    0x2D94,0x2D94,0x2D94,0x2D94,0x2D94,0x2D94,0x2D94,0x2D94,0x2D94,0x2D94,0x2D94,0x2D94,
    0x2D94,0x2D94,0x2D94,0x2D94,0x2D94,0x2D94,0x2D94,0x2D94,0x2D94,0x2D94,0x2D94,0x2D94,
    0x2D94,0x2D94,0x2D94,0x2D94,0x2D94,0x2D94,0x2D94,0x2D94,0x53BE,0x53BE,0x20C8,0x53BE,
    0x53BE,0x53BE,0x53BE,0x53BE,0x53BE,0x53BE,0x53BE,0x53BE,0x53BE,0x53BE,0x53BE,0x53BE,
    0x53BE,0x53BE,0x53BE,0x53BE,0x53BE,0x53BE,0x53BE,0x53BE,0x53BE,0x53BE,0x53BE,0x53BE,
    0x53BE,0x53BE,0x53BE,0x53BE,0x53BE,0x53BE,0x53BE,0x53BE,0x53BE,0x53BE,0x53BE,0x53BE,
    0x53BE,0x53BE,0x53BE,0x53BE,0x53BE,0x53BE,0x53BE,0x53BE,0x53BE,0x53BE,0x53BE,0x53BE,
    0x53BE,0x53BE,0x53BE,0x53BE,0x53BE,0x53BE,0x53BE,0x53BE,0x53BE,0x53BE,0x53BE,0x53BE,
    0x53BE,0x53BE,0x53BE,0x53BE,0x53BE,0x53BE,0x53BE,0x53BE,0x53BE,0x53BE,0x53BE,0x53BE,
    0x53BE,0x53BE,0x53BE,0x53BE,0x53BE,0x53BE,0x53BE,0x53BE,0x53BE,0x53BE,0x53BE,0x53BE,
    0x53BE,0x53BE,0x53BE,0x53BE,0x53BE,0x53BE,0x53BE,0x53BE,0x53BE,0x53BE,0x53BE,0x53BE,
    0x53BE,0x53BE,0x53BE,0x53BE,0x53BE,0x53BE,0x53BE,0x53BE,0x53BE,0x53BE,0x53BE,0x53BE,
    0x53BE,0x53BE,0x53BE,0x53BE,0x53BE,0x53BE,0x53BE,0x53BE,0x53BE,0x53BE,0x53BE,0x53BE,
    0x53BE,0x53BE,0x53BE,0x53BE,0x53BE,0x53BE,0x53BE,0x53BE,0x53BE,0x53BE,0x53BE,0x53BE,
    0x53BE,0x53BE,0x53BE,0x53BE,0x53BE,0x53BE,0x53BE,0x53BE,0x53BE,0x53BE,0x53BE,0x53BE,
    0x53BE,0x53BE,0x53BE,0x53BE,0x53BE,0x53BE,0x53BE,0x53BE,0x53BE,0x53BE,0x53BE,0x53BE,
    0x53BE,0x53BE,0x53BE,0x53BE,0x53BE,0x53BE,0x53BE,0x53BE,0x53BE,0x53BE,0x53BE,0x53BE,
    0x53BE,0x53BE,0x53BE,0x53BE,0x53BE,0x53BE,0x53BE,0x53BE,0x53BE,0x53BE,0x53BE,0x53BE,
    0x53BE,0x53BE,0x53BE,0x53BE,0x53BE,0x53BE,0x53BE,0x53BE,0x53BE,0x53BE,0x53BE,0x53BE,
    0x53BE,0x53BE,0x53BE,0x53BE,0x53BE,0x53BE,0x53BE,0x53BE,0x53BE,0x53BE,0x53BE,0x53BE,
    0x2D94,0x2D94,0x2D94,0x2D94,0x2D94,0x2D94,0x2D94,0x2D94,0x2D94,0x2D94,0x2D94,0x2D94,
    0x2D94,0x2D94,0x2D94,0x2D94,0x2D94,0x2D94,0x2D94,0x2D94,0x2D94,0x2D94,0x2D94,0x2D94,
    0x2D94,0x2D94,0x2D94,0x2D94,0x2D94,0x2D94,0x2D94,0x2D94,0x53BE,0x53BE,0x53BE,0x20C8,
    0x53BE,0x53BE,0x53BE,0x53BE,0x53BE,0x53BE,0x53BE,0x53BE,0x53BE,0x53BE,0x53BE,0x53BE,
    0x53BE,0x53BE,0x53BE,0x53BE,0x53BE,0x53BE,0x53BE,0x53BE,0x53BE,0x53BE,0x53BE,0x53BE,
    0x53BE,0x53BE,0x53BE,0x53BE,0x53BE,0x53BE,0x53BE,0x53BE,0x53BE,0x53BE,0x53BE,0x53BE,
    0x53BE,0x53BE,0x53BE,0x53BE,0x53BE,0x53BE,0x53BE,0x53BE,0x53BE,0x53BE,0x53BE,0x53BE,
    0x53BE,0x53BE,0x53BE,0x53BE,0x53BE,0x53BE,0x53BE,0x53BE,0x53BE,0x53BE,0x53BE,0x53BE,
    0x53BE,0x53BE,0x53BE,0x53BE,0x53BE,0x53BE,0x53BE,0x53BE,0x53BE,0x53BE,0x53BE,0x53BE,
    0x53BE,0x53BE,0x53BE,0x53BE,0x53BE,0x53BE,0x53BE,0x53BE,0x53BE,0x53BE,0x53BE,0x53BE,
    0x53BE,0x53BE,0x53BE,0x53BE,0x53BE,0x53BE,0x53BE,0x53BE,0x53BE,0x53BE,0x53BE,0x53BE,
    0x53BE,0x53BE,0x53BE,0x53BE,0x53BE,0x53BE,0x53BE,0x53BE,0x53BE,0x53BE,0x53BE,0x53BE,
    0x53BE,0x53BE,0x53BE,0x53BE,0x53BE,0x53BE,0x53BE,0x53BE,0x53BE,0x53BE,0x53BE,0x53BE,
    0x53BE,0x53BE,0x53BE,0x53BE,0x53BE,0x53BE,0x53BE,0x53BE,0x53BE,0x53BE,0x53BE,0x53BE,
    0x53BE,0x53BE,0x53BE,0x53BE,0x53BE,0x53BE,0x53BE,0x53BE,0x53BE,0x53BE,0x53BE,0x53BE,
    0x53BE,0x53BE,0x53BE,0x53BE,0x53BE,0x53BE,0x53BE,0x53BE,0x53BE,0x53BE,0x53BE,0x53BE,
    0x53BE,0x53BE,0x53BE,0x53BE,0x53BE,0x53BE,0x53BE,0x53BE,0x53BE,0x53BE,0x53BE,0x53BE,
    0x53BE,0x53BE,0x53BE,0x53BE,0x53BE,0x53BE,0x53BE,0x53BE,0x53BE,0x53BE,0x53BE,0x53BE,
    0x53BE,0x53BE,0x53BE,0x53BE,0x53BE,0x53BE,0x53BE,0x53BE,0x53BE,0x53BE,0x53BE,0x53BE,
    0x53BE,0x53BE,0x53BE,0x53BE,0x53BE,0x53BE,0x53BE,0x53BE,0x53BE,0x53BE,0x53BE,0x53BE,
    0x2D94,0x2D94,0x2D94,0x2D94,0x2D94,0x2D94,0x2D94,0x2D94,0x2D94,0x2D94,0x2D94,0x2D94,
    0x2D94,0x2D94,0x53BE,0x2D94,0x2D94,0x2D94,0x2D94,0x2D94,0x2D94,0x2D94,0x2D94,0x2D94,
    0x2D94,0x2D94,0x2D94,0x2D94,0x2D94,0x20C8,0x20C8,0x20C8,0x53BE,0x53BE,0x53BE,0x20C8,
    0x53BE,0x53BE,0x53BE,0x53BE,0x53BE,0x53BE,0x53BE,0x53BE,0x53BE,0x53BE,0x53BE,0x53BE,
    0x53BE,0x53BE,0x53BE,0x53BE,0x53BE,0x53BE,0x53BE,0x53BE,0x53BE,0x53BE,0x53BE,0x53BE,
    0x53BE,0x53BE,0x53BE,0x53BE,0x53BE,0x53BE,0x53BE,0x53BE,0x53BE,0x53BE,0x53BE,0x53BE,
    0x53BE,0x53BE,0x53BE,0x53BE,0x53BE,0x53BE,0x53BE,0x53BE,0x53BE,0x53BE,0x53BE,0x53BE,
    0x53BE,0x53BE,0x53BE,0x53BE,0x53BE,0x53BE,0x53BE,0x53BE,0x53BE,0x53BE,0x53BE,0x53BE,
    0x53BE,0x53BE,0x53BE,0x53BE,0x53BE,0x53BE,0x53BE,0x53BE,0x53BE,0x53BE,0x53BE,0x53BE,
    0x53BE,0x53BE,0x53BE,0x53BE,0x53BE,0x53BE,0x53BE,0x53BE,0x53BE,0x53BE,0x53BE,0x53BE,
    0x53BE,0x53BE,0x53BE,0x53BE,0x53BE,0x53BE,0x53BE,0x53BE,0x53BE,0x53BE,0x53BE,0x53BE,
    0x53BE,0x53BE,0x53BE,0x53BE,0x53BE,0x53BE,0x53BE,0x53BE,0x53BE,0x53BE,0x53BE,0x53BE,
    0x53BE,0x53BE,0x53BE,0x53BE,0x53BE,0x53BE,0x53BE,0x53BE,0x53BE,0x53BE,0x53BE,0x53BE,
    0x53BE,0x53BE,0x53BE,0x53BE,0x53BE,0x53BE,0x53BE,0x53BE,0x53BE,0x53BE,0x53BE,0x53BE,
    0x53BE,0x53BE,0x53BE,0x53BE,0x53BE,0x53BE,0x53BE,0x53BE,0x53BE,0x53BE,0x53BE,0x53BE,
    0x53BE,0x53BE,0x53BE,0x53BE,0x53BE,0x53BE,0x53BE,0x53BE,0x53BE,0x53BE,0x53BE,0x53BE,
    0x53BE,0x53BE,0x53BE,0x53BE,0x53BE,0x53BE,0x53BE,0x53BE,0x53BE,0x53BE,0x53BE,0x53BE,
    0x53BE,0x53BE,0x53BE,0x53BE,0x53BE,0x53BE,0x53BE,0x53BE,0x53BE,0x53BE,0x53BE,0x53BE,
    0x53BE,0x53BE,0x53BE,0x53BE,0x53BE,0x53BE,0x53BE,0x53BE,0x53BE,0x53BE,0x53BE,0x53BE,
    0x53BE,0x53BE,0x53BE,0x53BE,0x53BE,0x53BE,0x53BE,0x53BE,0x53BE,0x53BE,0x53BE,0x53BE,
    0x2D94,0x2D94,0x2D94,0x2D94,0x2D94,0x2D94,0x2D94,0x2D94,0x2D94,0x2D94,0x2D94,0x2D94,
    0x2D94,0x2D94,0x53BE,0x53BE,0x2D94,0x2D94,0x2D94,0x2D94,0x2D94,0x2D94,0x2D94,0x2D94,
    0x2D94,0x2D94,0x2D94,0x2D94,0x2D94,0x2D94,0x2D94,0x2D94,0x20C8,0x53BE,0x53BE,0x20C8,
    0x53BE,0x53BE,0x53BE,0x53BE,0x53BE,0x53BE,0x53BE,0x20C8,0x53BE,0x53BE,0x53BE,0x53BE,
    0x53BE,0x53BE,0x53BE,0x53BE,0x53BE,0x53BE,0x53BE,0x53BE,0x53BE,0x53BE,0x53BE,0x53BE,
    0x53BE,0x53BE,0x53BE,0x53BE,0x53BE,0x53BE,0x53BE,0x53BE,0x53BE,0x53BE,0x53BE,0x53BE,
    0x53BE,0x53BE,0x53BE,0x53BE,0x53BE,0x53BE,0x53BE,0x53BE,0x53BE,0x53BE,0x53BE,0x53BE,
    0x53BE,0x53BE,0x53BE,0x53BE,0x53BE,0x53BE,0x53BE,0x53BE,0x53BE,0x53BE,0x53BE,0x53BE,
    0x53BE,0x53BE,0x53BE,0x53BE,0x53BE,0x53BE,0x53BE,0x53BE,0x53BE,0x53BE,0x53BE,0x53BE,
    0x53BE,0x53BE,0x53BE,0x53BE,0x53BE,0x53BE,0x53BE,0x53BE,0x53BE,0x53BE,0x53BE,0x53BE,
    0x53BE,0x53BE,0x53BE,0x53BE,0x53BE,0x53BE,0x53BE,0x53BE,0x53BE,0x53BE,0x53BE,0x53BE,
    0x53BE,0x53BE,0x53BE,0x53BE,0x53BE,0x53BE,0x53BE,0x53BE,0x53BE,0x53BE,0x53BE,0x53BE,
    0x53BE,0x53BE,0x53BE,0x53BE,0x53BE,0x53BE,0x53BE,0x53BE,0x53BE,0x53BE,0x53BE,0x53BE,
    0x53BE,0x53BE,0x53BE,0x53BE,0x53BE,0x53BE,0x53BE,0x53BE,0x53BE,0x53BE,0x53BE,0x53BE,
    0x53BE,0x53BE,0x53BE,0x53BE,0x53BE,0x53BE,0x53BE,0x53BE,0x53BE,0x53BE,0x53BE,0x53BE,
    0x53BE,0x53BE,0x53BE,0x53BE,0x53BE,0x53BE,0x53BE,0x53BE,0x53BE,0x53BE,0x53BE,0x53BE,
    0x53BE,0x53BE,0x53BE,0x53BE,0x53BE,0x53BE,0x53BE,0x53BE,0x53BE,0x53BE,0x53BE,0x53BE,
    0x53BE,0x53BE,0x53BE,0x53BE,0x53BE,0x53BE,0x53BE,0x53BE,0x53BE,0x53BE,0x53BE,0x53BE,
    0x53BE,0x53BE,0x53BE,0x53BE,0x53BE,0x53BE,0x53BE,0x53BE,0x53BE,0x53BE,0x53BE,0x53BE,
    0x53BE,0x53BE,0x53BE,0x53BE,0x53BE,0x53BE,0x53BE,0x53BE,0x53BE,0x53BE,0x53BE,0x53BE,
    0x2D94,0x2D94,0x2D94,0x2D94,0x2D94,0x2D94,0x2D94,0x2D94,0x2D94,0x2D94,0x2D94,0x2D94,
    0x2D94,0x2D94,0x2D94,0x53BE,0x2D94,0x2D94,0x2D94,0x2D94,0x2D94,0x2D94,0x2D94,0x2D94,
    0x2D94,0x2D94,0x2D94,0x2D94,0x2D94,0x2D94,0x2D94,0x2D94,0x2D94,0x20C8,0x53BE,0x53BE,
    0x20C8,0x53BE,0x53BE,0x53BE,0x53BE,0x53BE,0x53BE,0x53BE,0x20C8,0x53BE,0x53BE,0x53BE,
    0x53BE,0x53BE,0x53BE,0x53BE,0x53BE,0x53BE,0x53BE,0x53BE,0x53BE,0x53BE,0x53BE,0x53BE,
    0x53BE,0x53BE,0x53BE,0x53BE,0x53BE,0x53BE,0x53BE,0x53BE,0x53BE,0x53BE,0x53BE,0x53BE,
    0x53BE,0x53BE,0x53BE,0x53BE,0x53BE,0x53BE,0x53BE,0x53BE,0x53BE,0x53BE,0x53BE,0x53BE,
    0x53BE,0x53BE,0x53BE,0x53BE,0x53BE,0x53BE,0x53BE,0x53BE,0x53BE,0x53BE,0x53BE,0x53BE,
    0x53BE,0x53BE,0x53BE,0x53BE,0x53BE,0x53BE,0x53BE,0x53BE,0x53BE,0x53BE,0x53BE,0x53BE,
    0x53BE,0x53BE,0x53BE,0x53BE,0x53BE,0x53BE,0x53BE,0x53BE,0x53BE,0x53BE,0x53BE,0x53BE,
    0x53BE,0x53BE,0x53BE,0x53BE,0x53BE,0x53BE,0x53BE,0x53BE,0x53BE,0x53BE,0x53BE,0x53BE,
    0x53BE,0x53BE,0x53BE,0x53BE,0x53BE,0x53BE,0x53BE,0x53BE,0x53BE,0x53BE,0x53BE,0x53BE,
    0x53BE,0x53BE,0x53BE,0x53BE,0x53BE,0x53BE,0x53BE,0x53BE,0x53BE,0x53BE,0x53BE,0x53BE,
    0x53BE,0x53BE,0x53BE,0x53BE,0x53BE,0x53BE,0x53BE,0x53BE,0x53BE,0x53BE,0x53BE,0x53BE,
    0x53BE,0x53BE,0x53BE,0x53BE,0x53BE,0x53BE,0x53BE,0x53BE,0x53BE,0x53BE,0x53BE,0x53BE,
    0x53BE,0x53BE,0x53BE,0x53BE,0x53BE,0x53BE,0x53BE,0x53BE,0x53BE,0x53BE,0x53BE,0x53BE,
    0x53BE,0x53BE,0x53BE,0x53BE,0x53BE,0x53BE,0x53BE,0x53BE,0x53BE,0x53BE,0x53BE,0x53BE,
    0x53BE,0x53BE,0x53BE,0x53BE,0x53BE,0x0000,0x0000,0x0000,0x0000,0x53BE,0x53BE,0x53BE,
    0x53BE,0x53BE,0x53BE,0x53BE,0x53BE,0x53BE,0x53BE,0x53BE,0x53BE,0x53BE,0x53BE,0x53BE,
    0x53BE,0x53BE,0x53BE,0x53BE,0x53BE,0x53BE,0x53BE,0x53BE,0x53BE,0x53BE,0x53BE,0x53BE,
    0x2D94,0x2D94,0x2D94,0x2D94,0x2D94,0x2D94,0x2D94,0x2D94,0x2D94,0x2D94,0x2D94,0x2D94,
    0x2D94,0x2D94,0x2D94,0x2D94,0x53BE,0x2D94,0x2D94,0x2D94,0x2D94,0x2D94,0x2D94,0x2D94,
    0x2D94,0x2D94,0x2D94,0x2D94,0x2D94,0x2D94,0x2D94,0x2D94,0x2D94,0x20C8,0x53BE,0x53BE,
    0x20C8,0x53BE,0x53BE,0x53BE,0x53BE,0x20C8,0x53BE,0x53BE,0x20C8,0x53BE,0x53BE,0x53BE,
    0x53BE,0x53BE,0x53BE,0x53BE,0x53BE,0x53BE,0x53BE,0x53BE,0x53BE,0x53BE,0x53BE,0x53BE,
    0x53BE,0x53BE,0x53BE,0x53BE,0x53BE,0x53BE,0x53BE,0x53BE,0x53BE,0x53BE,0x53BE,0x53BE,
    0x53BE,0x53BE,0x53BE,0x53BE,0x53BE,0x53BE,0x53BE,0x53BE,0x53BE,0x53BE,0x53BE,0x53BE,
    0x53BE,0x53BE,0x53BE,0x53BE,0x53BE,0x53BE,0x53BE,0x53BE,0x53BE,0x53BE,0x53BE,0x53BE,
    0x53BE,0x53BE,0x53BE,0x53BE,0x53BE,0x53BE,0x53BE,0x53BE,0x53BE,0x53BE,0x53BE,0x53BE,
    0x53BE,0x53BE,0x53BE,0x53BE,0x53BE,0x53BE,0x53BE,0x53BE,0x53BE,0x53BE,0x53BE,0x53BE,
    0x53BE,0x53BE,0x53BE,0x53BE,0x53BE,0x53BE,0x53BE,0x53BE,0x53BE,0x53BE,0x53BE,0x53BE,
    0x53BE,0x53BE,0x53BE,0x53BE,0x53BE,0x53BE,0x53BE,0x53BE,0x53BE,0x53BE,0x53BE,0x53BE,
    0x53BE,0x53BE,0x53BE,0x53BE,0x53BE,0x53BE,0x53BE,0x53BE,0x53BE,0x53BE,0x53BE,0x53BE,
    0x53BE,0x53BE,0x53BE,0x53BE,0x53BE,0x53BE,0x53BE,0x53BE,0x53BE,0x53BE,0x53BE,0x53BE,
    0x53BE,0x53BE,0x53BE,0x53BE,0x53BE,0x53BE,0x53BE,0x53BE,0x53BE,0x53BE,0x53BE,0x53BE,
    0x53BE,0x53BE,0x53BE,0x53BE,0x53BE,0x53BE,0x53BE,0x53BE,0x53BE,0x53BE,0x53BE,0x53BE,
    0x53BE,0x53BE,0x53BE,0x53BE,0x53BE,0x53BE,0x53BE,0x53BE,0x53BE,0x53BE,0x53BE,0x53BE,
    0x53BE,0x53BE,0x53BE,0x53BE,0x53BE,0x53BE,0x53BE,0x53BE,0x53BE,0x0000,0x0000,0x0000,
    0x0000,0x53BE,0x53BE,0x53BE,0x53BE,0x53BE,0x53BE,0x53BE,0x53BE,0x53BE,0x53BE,0x53BE,
    0x53BE,0x53BE,0x53BE,0x53BE,0x53BE,0x53BE,0x53BE,0x53BE,0x53BE,0x53BE,0x53BE,0x53BE,
    0x2D94,0x2D94,0x2D94,0x2D94,0x2D94,0x2D94,0x2D94,0x2D94,0x2D94,0x2D94,0x2D94,0x2D94,
    0x2D94,0x2D94,0x2D94,0x2D94,0x2D94,0x53BE,0x2D94,0x2D94,0x2D94,0x2D94,0x2D94,0x2D94,
    0x2D94,0x2D94,0x2D94,0x2D94,0x2D94,0x2D94,0x2D94,0x2D94,0x20C8,0x20C8,0x20C8,0x53BE,
    0x53BE,0x20C8,0x53BE,0x53BE,0x20C8,0x20C8,0x53BE,0x53BE,0x53BE,0x20C8,0x53BE,0x53BE,
    0x53BE,0x53BE,0x53BE,0x53BE,0x53BE,0x53BE,0x53BE,0x53BE,0x53BE,0x53BE,0x53BE,0x53BE,
    0x53BE,0x53BE,0x53BE,0x53BE,0x53BE,0x53BE,0x53BE,0x53BE,0x53BE,0x53BE,0x53BE,0x53BE,
    0x53BE,0x53BE,0x53BE,0x53BE,0x53BE,0x53BE,0x53BE,0x53BE,0x53BE,0x53BE,0x53BE,0x53BE,
    0x53BE,0x53BE,0x53BE,0x53BE,0x53BE,0x53BE,0x53BE,0x53BE,0x53BE,0x53BE,0x53BE,0x53BE,
    0x53BE,0x53BE,0x53BE,0x53BE,0x53BE,0x53BE,0x53BE,0x53BE,0x53BE,0x53BE,0x53BE,0x53BE,
    0x53BE,0x53BE,0x53BE,0x53BE,0x53BE,0x53BE,0x53BE,0x53BE,0x53BE,0x53BE,0x53BE,0x53BE,
    0x53BE,0x53BE,0x53BE,0x53BE,0x53BE,0x53BE,0x53BE,0x53BE,0x53BE,0x53BE,0x53BE,0x53BE,
    0x53BE,0x53BE,0x53BE,0x53BE,0x53BE,0x53BE,0x53BE,0x53BE,0x53BE,0x53BE,0x53BE,0x53BE,
    0x53BE,0x53BE,0x53BE,0x53BE,0x53BE,0x53BE,0x53BE,0x53BE,0x53BE,0x53BE,0x53BE,0x53BE,
    0x53BE,0x53BE,0x53BE,0x53BE,0x53BE,0x53BE,0x53BE,0x53BE,0x53BE,0x53BE,0x53BE,0x53BE,
    0x53BE,0x53BE,0x53BE,0x53BE,0x53BE,0x53BE,0x53BE,0x53BE,0x53BE,0x53BE,0x53BE,0x53BE,
    0x53BE,0x53BE,0x53BE,0x53BE,0x53BE,0x53BE,0x53BE,0x53BE,0x53BE,0x53BE,0x53BE,0x53BE,
    0x53BE,0x53BE,0x53BE,0x53BE,0x53BE,0x53BE,0x53BE,0x53BE,0x53BE,0x53BE,0x53BE,0x53BE,
    0x53BE,0x53BE,0x53BE,0x53BE,0x53BE,0x53BE,0x53BE,0x53BE,0x53BE,0x53BE,0x53BE,0x53BE,
    0x53BE,0x0000,0x0000,0x0000,0x53BE,0x53BE,0x53BE,0x53BE,0x53BE,0x53BE,0x53BE,0x53BE,
    0x53BE,0x53BE,0x53BE,0x53BE,0x53BE,0x53BE,0x53BE,0x53BE,0x53BE,0x53BE,0x53BE,0x53BE,
    0x2D94,0x2D94,0x2D94,0x2D94,0x2D94,0x2D94,0x2D94,0x2D94,0x2D94,0x2D94,0x2D94,0x2D94,
    0x2D94,0x2D94,0x2D94,0x2D94,0x2D94,0x53BE,0x2D94,0x2D94,0x2D94,0x2D94,0x2D94,0x2D94,
    0x2D94,0x2D94,0x2D94,0x2D94,0x2D94,0x2D94,0x2D94,0x2D94,0x2D94,0x2D94,0x20C8,0x20C8,
    0x53BE,0x20C8,0x53BE,0x20C8,0x53BE,0x53BE,0x20C8,0x53BE,0x53BE,0x20C8,0x53BE,0x53BE,
    0x53BE,0x53BE,0x53BE,0x53BE,0x53BE,0x53BE,0x53BE,0x53BE,0x53BE,0x53BE,0x53BE,0x53BE,
    0x53BE,0x53BE,0x53BE,0x53BE,0x53BE,0x53BE,0x53BE,0x53BE,0x53BE,0x53BE,0x53BE,0x53BE,
    0x53BE,0x53BE,0x53BE,0x53BE,0x53BE,0x53BE,0x53BE,0x53BE,0x53BE,0x53BE,0x53BE,0x53BE,
    0x53BE,0x53BE,0x53BE,0x53BE,0x53BE,0x53BE,0x53BE,0x53BE,0x53BE,0x53BE,0x53BE,0x53BE,
    0x53BE,0x53BE,0x53BE,0x53BE,0x53BE,0x53BE,0x53BE,0x53BE,0x53BE,0x53BE,0x53BE,0x53BE,
    0x53BE,0x53BE,0x53BE,0x53BE,0x53BE,0x53BE,0x53BE,0x53BE,0x53BE,0x53BE,0x53BE,0x53BE,
    0x53BE,0x53BE,0x53BE,0x53BE,0x53BE,0x53BE,0x53BE,0x53BE,0x53BE,0x53BE,0x53BE,0x53BE,
    0x53BE,0x53BE,0x53BE,0x53BE,0x53BE,0x53BE,0x53BE,0x53BE,0x53BE,0x53BE,0x53BE,0x53BE,
    0x53BE,0x53BE,0x53BE,0x53BE,0x53BE,0x53BE,0x53BE,0x53BE,0x53BE,0x53BE,0x53BE,0x53BE,
    0x53BE,0x53BE,0x53BE,0x53BE,0x53BE,0x53BE,0x53BE,0x53BE,0x53BE,0x53BE,0x53BE,0x53BE,
    0x53BE,0x53BE,0x53BE,0x53BE,0x53BE,0x53BE,0x53BE,0x53BE,0x53BE,0x53BE,0x53BE,0x53BE,
    0x53BE,0x53BE,0x53BE,0x53BE,0x53BE,0x53BE,0x53BE,0x53BE,0x53BE,0x53BE,0x53BE,0x53BE,
    0x53BE,0x53BE,0x53BE,0x53BE,0x53BE,0x53BE,0x53BE,0x53BE,0x53BE,0x53BE,0x53BE,0x53BE,
    0x53BE,0x53BE,0x53BE,0x53BE,0x53BE,0x53BE,0x53BE,0x53BE,0x53BE,0x53BE,0x53BE,0x53BE,
    0x53BE,0x53BE,0x53BE,0x53BE,0x53BE,0x53BE,0x0000,0x53BE,0x53BE,0x53BE,0x53BE,0x53BE,
    0x53BE,0x53BE,0x53BE,0x53BE,0x53BE,0x53BE,0x53BE,0x53BE,0x53BE,0x53BE,0x53BE,0x53BE,
    0x2D94,0x2D94,0x2D94,0x2D94,0x2D94,0x2D94,0x2D94,0x2D94,0x2D94,0x2D94,0x2D94,0x2D94,
    0x2D94,0x2D94,0x2D94,0x2D94,0x2D94,0x2D94,0x53BE,0x2D94,0x2D94,0x2D94,0x2D94,0x2D94,
    0x2D94,0x2D94,0x2D94,0x2D94,0x2D94,0x2D94,0x2D94,0x2D94,0x2D94,0x2D94,0x2D94,0x20C8,
    0x20C8,0x20C8,0x20C8,0x53BE,0x53BE,0x53BE,0x20C8,0x53BE,0x53BE,0x20C8,0x53BE,0x53BE,
    0x53BE,0x53BE,0x53BE,0x53BE,0x53BE,0x53BE,0x53BE,0x53BE,0x53BE,0x53BE,0x53BE,0x53BE,
    0x53BE,0x53BE,0x53BE,0x53BE,0x53BE,0x53BE,0x53BE,0x53BE,0x53BE,0x53BE,0x53BE,0x53BE,
    0x53BE,0x53BE,0x53BE,0x53BE,0x53BE,0x53BE,0x53BE,0x53BE,0x53BE,0x53BE,0x53BE,0x53BE,
    0x53BE,0x53BE,0x53BE,0x53BE,0x53BE,0x53BE,0x53BE,0x53BE,0x53BE,0x53BE,0x53BE,0x53BE,
    0x53BE,0x53BE,0x53BE,0x53BE,0x53BE,0x53BE,0x53BE,0x53BE,0x53BE,0x53BE,0x53BE,0x53BE,
    0x53BE,0x53BE,0x53BE,0x53BE,0x53BE,0x53BE,0x53BE,0x53BE,0x53BE,0x53BE,0x53BE,0x53BE,
    0x53BE,0x53BE,0x53BE,0x53BE,0x53BE,0x53BE,0x53BE,0x53BE,0x53BE,0x53BE,0x53BE,0x53BE,
    0x53BE,0x53BE,0x53BE,0x53BE,0x53BE,0x53BE,0x53BE,0x53BE,0x53BE,0x53BE,0x53BE,0x53BE,
    0x53BE,0x53BE,0x53BE,0x53BE,0x53BE,0x53BE,0x53BE,0x53BE,0x53BE,0x53BE,0x53BE,0x53BE,
    0x53BE,0x53BE,0x53BE,0x53BE,0x53BE,0x53BE,0x53BE,0x53BE,0x53BE,0x53BE,0x53BE,0x53BE,
    0x53BE,0x53BE,0x53BE,0x53BE,0x53BE,0x53BE,0x53BE,0x53BE,0x53BE,0x53BE,0x53BE,0x53BE,
    0x53BE,0x53BE,0x53BE,0x53BE,0x53BE,0x53BE,0x53BE,0x53BE,0x53BE,0x53BE,0x53BE,0x53BE,
    0x53BE,0x53BE,0x53BE,0x53BE,0x53BE,0x53BE,0x53BE,0x53BE,0x53BE,0x53BE,0x53BE,0x53BE,
    0x53BE,0x53BE,0x53BE,0x53BE,0x53BE,0x53BE,0x53BE,0x53BE,0x53BE,0x53BE,0x53BE,0x53BE,
    0x53BE,0x53BE,0x53BE,0x53BE,0x53BE,0x53BE,0x53BE,0x53BE,0x53BE,0x53BE,0x53BE,0x53BE,
    0x53BE,0x53BE,0x53BE,0x53BE,0x53BE,0x53BE,0x53BE,0x53BE,0x53BE,0x53BE,0x53BE,0x53BE,
    0x2D94,0x2D94,0x2D94,0x2D94,0x2D94,0x2D94,0x2D94,0x2D94,0x2D94,0x2D94,0x2D94,0x2D94,
    0x2D94,0x2D94,0x2D94,0x2D94,0x2D94,0x2D94,0x2D94,0x53BE,0x2D94,0x2D94,0x2D94,0x2D94,
    0x2D94,0x2D94,0x2D94,0x2D94,0x2D94,0x2D94,0x2D94,0x2D94,0x2D94,0x2D94,0x2D94,0x20C8,
    0x2D94,0x2D94,0x53BE,0x20C8,0x53BE,0x53BE,0x53BE,0x20C8,0x53BE,0x20C8,0x53BE,0x53BE,
    0x53BE,0x53BE,0x53BE,0x53BE,0x53BE,0x53BE,0x53BE,0x53BE,0x53BE,0x53BE,0x53BE,0x53BE,
    0x53BE,0x53BE,0x53BE,0x53BE,0x53BE,0x53BE,0x53BE,0x53BE,0x53BE,0x53BE,0x53BE,0x53BE,
    0x53BE,0x53BE,0x53BE,0x53BE,0x53BE,0x53BE,0x53BE,0x53BE,0x53BE,0x53BE,0x53BE,0x53BE,
    0x53BE,0x53BE,0x53BE,0x53BE,0x53BE,0x53BE,0x53BE,0x53BE,0x53BE,0x53BE,0x53BE,0x53BE,
    0x53BE,0x53BE,0x53BE,0x53BE,0x53BE,0x53BE,0x53BE,0x53BE,0x53BE,0x53BE,0x53BE,0x53BE,
    0x53BE,0x53BE,0x53BE,0x53BE,0x53BE,0x53BE,0x53BE,0x53BE,0x53BE,0x53BE,0x53BE,0x53BE,
    0x53BE,0x53BE,0x53BE,0x53BE,0x53BE,0x53BE,0x53BE,0x53BE,0x53BE,0x53BE,0x53BE,0x53BE,
    0x53BE,0x53BE,0x53BE,0x53BE,0x53BE,0x53BE,0x53BE,0x53BE,0x53BE,0x53BE,0x53BE,0x53BE,
    0x53BE,0x53BE,0x53BE,0x53BE,0x53BE,0x53BE,0x53BE,0x53BE,0x53BE,0x53BE,0x53BE,0x53BE,
    0x53BE,0x53BE,0x53BE,0x53BE,0x53BE,0x53BE,0x53BE,0x53BE,0x53BE,0x53BE,0x53BE,0x53BE,
    0x53BE,0x53BE,0x53BE,0x53BE,0x53BE,0x53BE,0x53BE,0x53BE,0x53BE,0x53BE,0x53BE,0x53BE,
    0x53BE,0x53BE,0x53BE,0x53BE,0x53BE,0x53BE,0x53BE,0x53BE,0x53BE,0x53BE,0x53BE,0x53BE,
    0x53BE,0x53BE,0x53BE,0x53BE,0x53BE,0x53BE,0x53BE,0x53BE,0x53BE,0x53BE,0x53BE,0x53BE,
    0x53BE,0x53BE,0x53BE,0x53BE,0x53BE,0x53BE,0x53BE,0x53BE,0x53BE,0x53BE,0x53BE,0x53BE,
    0x53BE,0x53BE,0x53BE,0x53BE,0x53BE,0x53BE,0x53BE,0x53BE,0x53BE,0x53BE,0x53BE,0x0000,
    0x53BE,0x53BE,0x53BE,0x53BE,0x53BE,0x53BE,0x53BE,0x53BE,0x53BE,0x53BE,0x53BE,0x53BE,
    0x2D94,0x2D94,0x2D94,0x2D94,0x2D94,0x2D94,0x2D94,0x2D94,0x2D94,0x2D94,0x2D94,0x2D94,
    0x2D94,0x2D94,0x2D94,0x2D94,0x2D94,0x2D94,0x2D94,0x53BE,0x53BE,0x2D94,0x2D94,0x2D94,
    0x2D94,0x2D94,0x2D94,0x2D94,0x2D94,0x2D94,0x2D94,0x2D94,0x2D94,0x2D94,0x2D94,0x2D94,
    0x2D94,0x2D94,0x2D94,0x2D94,0x53BE,0x53BE,0x53BE,0x20C8,0x20C8,0x53BE,0x53BE,0x53BE,
    0x53BE,0x53BE,0x53BE,0x53BE,0x53BE,0x53BE,0x53BE,0x53BE,0x53BE,0x53BE,0x53BE,0x53BE,
    0x53BE,0x53BE,0x53BE,0x53BE,0x53BE,0x53BE,0x53BE,0x53BE,0x53BE,0x53BE,0x53BE,0x53BE,
    0x53BE,0x53BE,0x53BE,0x53BE,0x53BE,0x53BE,0x53BE,0x53BE,0x53BE,0x53BE,0x53BE,0x53BE,
    0x53BE,0x53BE,0x53BE,0x53BE,0x53BE,0x53BE,0x53BE,0x53BE,0x53BE,0x53BE,0x53BE,0x53BE,
    0x53BE,0x53BE,0x53BE,0x53BE,0x53BE,0x53BE,0x53BE,0x53BE,0x53BE,0x53BE,0x53BE,0x53BE,
    0x53BE,0x53BE,0x53BE,0x53BE,0x53BE,0x53BE,0x53BE,0x53BE,0x53BE,0x53BE,0x53BE,0x53BE,
    0x53BE,0x53BE,0x53BE,0x53BE,0x53BE,0x53BE,0x53BE,0x53BE,0x53BE,0x53BE,0x53BE,0x53BE,
    0x53BE,0x53BE,0x53BE,0x53BE,0x53BE,0x53BE,0x53BE,0x53BE,0x53BE,0x53BE,0x53BE,0x53BE,
    0x53BE,0x53BE,0x53BE,0x53BE,0x53BE,0x53BE,0x53BE,0x53BE,0x53BE,0x53BE,0x53BE,0x53BE,
    0x53BE,0x53BE,0x53BE,0x53BE,0x53BE,0x53BE,0x53BE,0x53BE,0x53BE,0x53BE,0x53BE,0x53BE,
    0x53BE,0x53BE,0x53BE,0x53BE,0x53BE,0x53BE,0x53BE,0x53BE,0x53BE,0x53BE,0x53BE,0x53BE,
    0x53BE,0x53BE,0x53BE,0x53BE,0x53BE,0x53BE,0x53BE,0x53BE,0x53BE,0x53BE,0x53BE,0x53BE,
    0x53BE,0x53BE,0x53BE,0x53BE,0x53BE,0x53BE,0x53BE,0x53BE,0x53BE,0x53BE,0x53BE,0x53BE,
    0x53BE,0x53BE,0x53BE,0x53BE,0x53BE,0x53BE,0x53BE,0x53BE,0x53BE,0x53BE,0x53BE,0x53BE,
    0x53BE,0x53BE,0x53BE,0x53BE,0x53BE,0x53BE,0x53BE,0x53BE,0x53BE,0x53BE,0x53BE,0x53BE,
    0x53BE,0x53BE,0x0000,0x0000,0x0000,0x53BE,0x53BE,0x53BE,0x53BE,0x53BE,0x53BE,0x53BE,
    0x2D94,0x2D94,0x2D94,0x2D94,0x2D94,0x2D94,0x2D94,0x2D94,0x2D94,0x2D94,0x2D94,0x2D94,
    0x2D94,0x2D94,0x2D94,0x2D94,0x2D94,0x2D94,0x2D94,0x2D94,0x53BE,0x2D94,0x2D94,0x2D94,
    0x2D94,0x2D94,0x2D94,0x2D94,0x2D94,0x2D94,0x2D94,0x2D94,0x2D94,0x2D94,0x20C8,0x20C8,
    0x2D94,0x2D94,0x2D94,0x2D94,0x2D94,0x53BE,0x53BE,0x20C8,0x20C8,0x53BE,0x53BE,0x53BE,
    0x53BE,0x53BE,0x53BE,0x53BE,0x53BE,0x53BE,0x53BE,0x53BE,0x53BE,0x53BE,0x53BE,0x53BE,
    0x53BE,0x53BE,0x53BE,0x53BE,0x53BE,0x53BE,0x53BE,0x53BE,0x53BE,0x53BE,0x53BE,0x53BE,
    0x53BE,0x53BE,0x53BE,0x53BE,0x53BE,0x53BE,0x53BE,0x53BE,0x53BE,0x53BE,0x53BE,0x53BE,
    0x53BE,0x53BE,0x53BE,0x53BE,0x53BE,0x53BE,0x53BE,0x53BE,0x53BE,0x53BE,0x53BE,0x53BE,
    0x53BE,0x53BE,0x53BE,0x53BE,0x53BE,0x53BE,0x53BE,0x53BE,0x53BE,0x53BE,0x53BE,0x53BE,
    0x53BE,0x53BE,0x53BE,0x53BE,0x53BE,0x53BE,0x53BE,0x53BE,0x53BE,0x53BE,0x53BE,0x53BE,
    0x53BE,0x53BE,0x53BE,0x53BE,0x53BE,0x53BE,0x53BE,0x53BE,0x53BE,0x53BE,0x53BE,0x53BE,
    0x53BE,0x53BE,0x53BE,0x53BE,0x53BE,0x53BE,0x53BE,0x53BE,0x53BE,0x53BE,0x53BE,0x53BE,
    0x53BE,0x53BE,0x53BE,0x53BE,0x53BE,0x53BE,0x53BE,0x53BE,0x53BE,0x53BE,0x53BE,0x53BE,
    0x53BE,0x53BE,0x53BE,0x53BE,0x53BE,0x53BE,0x53BE,0x53BE,0x53BE,0x53BE,0x53BE,0x53BE,
    0x53BE,0x53BE,0x53BE,0x53BE,0x53BE,0x53BE,0x53BE,0x53BE,0x53BE,0x53BE,0x53BE,0x53BE,
    0x53BE,0x53BE,0x53BE,0x53BE,0x53BE,0x53BE,0x53BE,0x53BE,0x53BE,0x53BE,0x53BE,0x53BE,
    0x53BE,0x53BE,0x53BE,0x53BE,0x53BE,0x53BE,0x53BE,0x53BE,0x53BE,0x53BE,0x53BE,0x53BE,
    0x53BE,0x53BE,0x53BE,0x53BE,0x53BE,0x53BE,0x53BE,0x53BE,0x53BE,0x53BE,0x53BE,0x53BE,
    0x53BE,0x53BE,0x53BE,0x53BE,0x53BE,0x53BE,0x53BE,0x53BE,0x53BE,0x53BE,0x53BE,0x53BE,
    0x53BE,0x53BE,0x53BE,0x53BE,0x53BE,0x0000,0x0000,0x53BE,0x53BE,0x53BE,0x53BE,0x53BE,
    0x2D94,0x2D94,0x2D94,0x2D94,0x2D94,0x2D94,0x2D94,0x2D94,0x2D94,0x2D94,0x2D94,0x2D94,
    0x2D94,0x2D94,0x2D94,0x2D94,0x2D94,0x2D94,0x2D94,0x2D94,0x2D94,0x53BE,0x2D94,0x2D94,
    0x2D94,0x2D94,0x2D94,0x53BE,0x2D94,0x2D94,0x2D94,0x2D94,0x2D94,0x2D94,0x2D94,0x20C8,
    0x20C8,0x20C8,0x2D94,0x2D94,0x2D94,0x2D94,0x53BE,0x53BE,0x20C8,0x53BE,0x53BE,0x53BE,
    0x53BE,0x53BE,0x53BE,0x53BE,0x53BE,0x53BE,0x53BE,0x53BE,0x53BE,0x53BE,0x53BE,0x53BE,
    0x53BE,0x53BE,0x53BE,0x53BE,0x53BE,0x53BE,0x53BE,0x53BE,0x53BE,0x53BE,0x53BE,0x53BE,
    0x53BE,0x53BE,0x53BE,0x53BE,0x53BE,0x53BE,0x53BE,0x53BE,0x53BE,0x53BE,0x53BE,0x53BE,
    0x53BE,0x53BE,0x53BE,0x53BE,0x53BE,0x53BE,0x53BE,0x53BE,0x53BE,0x53BE,0x53BE,0x53BE,
    0x53BE,0x53BE,0x53BE,0x53BE,0x53BE,0x53BE,0x53BE,0x53BE,0x53BE,0x53BE,0x53BE,0x53BE,
    0x53BE,0x53BE,0x53BE,0x53BE,0x53BE,0x53BE,0x53BE,0x53BE,0x53BE,0x53BE,0x53BE,0x53BE,
    0x53BE,0x53BE,0x53BE,0x53BE,0x53BE,0x53BE,0x53BE,0x53BE,0x53BE,0x53BE,0x53BE,0x53BE,
    0x53BE,0x53BE,0x53BE,0x53BE,0x53BE,0x53BE,0x53BE,0x53BE,0x53BE,0x53BE,0x53BE,0x53BE,
    0x53BE,0x53BE,0x53BE,0x53BE,0x53BE,0x53BE,0x53BE,0x53BE,0x53BE,0x53BE,0x53BE,0x53BE,
    0x53BE,0x53BE,0x53BE,0x53BE,0x53BE,0x53BE,0x53BE,0x53BE,0x53BE,0x53BE,0x53BE,0x53BE,
    0x53BE,0x53BE,0x53BE,0x53BE,0x53BE,0x53BE,0x53BE,0x53BE,0x53BE,0x53BE,0x53BE,0x53BE,
    0x53BE,0x53BE,0x53BE,0x53BE,0x53BE,0x53BE,0x53BE,0x53BE,0x53BE,0x53BE,0x53BE,0x53BE,
    0x53BE,0x53BE,0x53BE,0x53BE,0x53BE,0x53BE,0x53BE,0x53BE,0x53BE,0x53BE,0x53BE,0x53BE,
    0x53BE,0x53BE,0x53BE,0x53BE,0x53BE,0x53BE,0x53BE,0x53BE,0x53BE,0x53BE,0x53BE,0x53BE,
    0x53BE,0x53BE,0x53BE,0x53BE,0x53BE,0x53BE,0x53BE,0x53BE,0x53BE,0x53BE,0x53BE,0x53BE,
    0x53BE,0x53BE,0x53BE,0x53BE,0x53BE,0x53BE,0x53BE,0x53BE,0x53BE,0x53BE,0x53BE,0x53BE,
    0x2D94,0x2D94,0x2D94,0x2D94,0x2D94,0x2D94,0x2D94,0x2D94,0x2D94,0x2D94,0x2D94,0x2D94,
    0x2D94,0x2D94,0x2D94,0x2D94,0x2D94,0x2D94,0x2D94,0x2D94,0x2D94,0x53BE,0x53BE,0x2D94,
    0x2D94,0x2D94,0x2D94,0x53BE,0x2D94,0x2D94,0x2D94,0x2D94,0x2D94,0x2D94,0x2D94,0x2D94,
    0x20C8,0x20C8,0x2D94,0x2D94,0x2D94,0x2D94,0x2D94,0x20C8,0x20C8,0x53BE,0x53BE,0x53BE,
    0x53BE,0x53BE,0x53BE,0x53BE,0x53BE,0x53BE,0x53BE,0x53BE,0x53BE,0x53BE,0x53BE,0x53BE,
    0x53BE,0x53BE,0x53BE,0x53BE,0x53BE,0x53BE,0x53BE,0x53BE,0x53BE,0x53BE,0x53BE,0x53BE,
    0x53BE,0x53BE,0x53BE,0x53BE,0x53BE,0x53BE,0x53BE,0x53BE,0x53BE,0x53BE,0x53BE,0x53BE,
    0x53BE,0x53BE,0x53BE,0x53BE,0x53BE,0x53BE,0x53BE,0x53BE,0x53BE,0x53BE,0x53BE,0x53BE,
    0x53BE,0x53BE,0x53BE,0x53BE,0x53BE,0x53BE,0x53BE,0x53BE,0x53BE,0x53BE,0x53BE,0x53BE,
    0x53BE,0x53BE,0x53BE,0x53BE,0x53BE,0x53BE,0x53BE,0x53BE,0x53BE,0x53BE,0x53BE,0x53BE,
    0x53BE,0x53BE,0x53BE,0x53BE,0x53BE,0x53BE,0x53BE,0x53BE,0x53BE,0x53BE,0x53BE,0x53BE,
    0x53BE,0x53BE,0x53BE,0x53BE,0x53BE,0x53BE,0x53BE,0x53BE,0x53BE,0x53BE,0x53BE,0x53BE,
    0x53BE,0x53BE,0x53BE,0x53BE,0x53BE,0x53BE,0x53BE,0x53BE,0x53BE,0x53BE,0x53BE,0x53BE,
    0x53BE,0x53BE,0x53BE,0x53BE,0x53BE,0x53BE,0x53BE,0x53BE,0x53BE,0x53BE,0x53BE,0x53BE,
    0x53BE,0x53BE,0x53BE,0x53BE,0x53BE,0x53BE,0x53BE,0x53BE,0x53BE,0x53BE,0x53BE,0x53BE,
    0x53BE,0x53BE,0x53BE,0x53BE,0x53BE,0x53BE,0x53BE,0x53BE,0x53BE,0x53BE,0x53BE,0x53BE,
    0x53BE,0x53BE,0x53BE,0x53BE,0x53BE,0x53BE,0x53BE,0x53BE,0x53BE,0x53BE,0x53BE,0x53BE,
    0x53BE,0x53BE,0x53BE,0x53BE,0x53BE,0x53BE,0x53BE,0x53BE,0x53BE,0x53BE,0x53BE,0x53BE,
    0x53BE,0x53BE,0x53BE,0x53BE,0x53BE,0x53BE,0x53BE,0x53BE,0x53BE,0x53BE,0x53BE,0x53BE,
    0x53BE,0x53BE,0x53BE,0x53BE,0x53BE,0x53BE,0x53BE,0x53BE,0x53BE,0x53BE,0x53BE,0x53BE,
    0x2D94,0x2D94,0x2D94,0x2D94,0x2D94,0x2D94,0x2D94,0x2D94,0x2D94,0x2D94,0x2D94,0x2D94,
    0x2D94,0x2D94,0x2D94,0x2D94,0x2D94,0x2D94,0x2D94,0x2D94,0x2D94,0x2D94,0x53BE,0x2D94,
    0x2D94,0x2D94,0x2D94,0x2D94,0x53BE,0x2D94,0x2D94,0x2D94,0x2D94,0x2D94,0x2D94,0x2D94,
    0x2D94,0x20C8,0x2D94,0x2D94,0x2D94,0x20C8,0x20C8,0x20C8,0x3A5C,0x53BE,0x53BE,0x53BE,
    0x53BE,0x53BE,0x53BE,0x53BE,0x53BE,0x53BE,0x53BE,0x53BE,0x53BE,0x53BE,0x53BE,0x53BE,
    0x53BE,0x53BE,0x0000,0x53BE,0x53BE,0x53BE,0x53BE,0x53BE,0x53BE,0x53BE,0x53BE,0x53BE,
    0x53BE,0x53BE,0x53BE,0x53BE,0x53BE,0x53BE,0x53BE,0x53BE,0x53BE,0x53BE,0x53BE,0x53BE,
    0x53BE,0x53BE,0x53BE,0x53BE,0x53BE,0x53BE,0x53BE,0x53BE,0x53BE,0x53BE,0x53BE,0x53BE,
    0x53BE,0x53BE,0x53BE,0x53BE,0x53BE,0x53BE,0x53BE,0x53BE,0x53BE,0x53BE,0x53BE,0x53BE,
    0x53BE,0x53BE,0x53BE,0x53BE,0x53BE,0x53BE,0x53BE,0x53BE,0x53BE,0x53BE,0x53BE,0x53BE,
    0x53BE,0x53BE,0x53BE,0x53BE,0x53BE,0x53BE,0x53BE,0x53BE,0x53BE,0x53BE,0x53BE,0x53BE,
    0x53BE,0x53BE,0x53BE,0x53BE,0x53BE,0x53BE,0x53BE,0x53BE,0x53BE,0x53BE,0x53BE,0x53BE,
    0x53BE,0x53BE,0x53BE,0x53BE,0x53BE,0x53BE,0x53BE,0x53BE,0x53BE,0x53BE,0x53BE,0x53BE,
    0x53BE,0x53BE,0x53BE,0x53BE,0x53BE,0x53BE,0x53BE,0x53BE,0x53BE,0x53BE,0x53BE,0x53BE,
    0x53BE,0x53BE,0x53BE,0x53BE,0x53BE,0x53BE,0x53BE,0x53BE,0x53BE,0x53BE,0x53BE,0x53BE,
    0x53BE,0x53BE,0x53BE,0x53BE,0x53BE,0x53BE,0x53BE,0x53BE,0x53BE,0x53BE,0x53BE,0x53BE,
    0x53BE,0x53BE,0x53BE,0x53BE,0x53BE,0x53BE,0x53BE,0x53BE,0x53BE,0x53BE,0x53BE,0x53BE,
    0x53BE,0x53BE,0x53BE,0x53BE,0x53BE,0x53BE,0x53BE,0x53BE,0x53BE,0x53BE,0x53BE,0x53BE,
    0x53BE,0x53BE,0x53BE,0x53BE,0x53BE,0x53BE,0x53BE,0x53BE,0x53BE,0x53BE,0x53BE,0x53BE,
    0x53BE,0x53BE,0x53BE,0x53BE,0x53BE,0x53BE,0x53BE,0x53BE,0x53BE,0x53BE,0x53BE,0x53BE,
    0x2D94,0x2D94,0x2D94,0x2D94,0x2D94,0x2D94,0x2D94,0x2D94,0x2D94,0x2D94,0x2D94,0x2D94,
    0x2D94,0x2D94,0x2D94,0x2D94,0x2D94,0x2D94,0x2D94,0x2D94,0x2D94,0x2D94,0x2D94,0x53BE,
    0x2D94,0x2D94,0x2D94,0x2D94,0x53BE,0x53BE,0x2D94,0x2D94,0x2D94,0x2D94,0x2D94,0x2D94,
    0x2D94,0x2D94,0x20C8,0x20C8,0x20C8,0x3A5C,0x20C8,0x3A5C,0x3A5C,0x3A5C,0x53BE,0x53BE,
    0x53BE,0x53BE,0x53BE,0x53BE,0x53BE,0x53BE,0x53BE,0x53BE,0x53BE,0x53BE,0x53BE,0x53BE,
    0x53BE,0x53BE,0x53BE,0x53BE,0x0000,0x0000,0x0000,0x0000,0x53BE,0x53BE,0x53BE,0x53BE,
    0x53BE,0x53BE,0x53BE,0x53BE,0x53BE,0x53BE,0x53BE,0x53BE,0x53BE,0x53BE,0x53BE,0x53BE,
    0x53BE,0x53BE,0x53BE,0x53BE,0x53BE,0x53BE,0x53BE,0x53BE,0x53BE,0x53BE,0x53BE,0x53BE,
    0x53BE,0x53BE,0x53BE,0x53BE,0x53BE,0x53BE,0x53BE,0x53BE,0x53BE,0x53BE,0x53BE,0x53BE,
    0x53BE,0x53BE,0x53BE,0x53BE,0x53BE,0x53BE,0x53BE,0x53BE,0x53BE,0x53BE,0x53BE,0x53BE,
    0x53BE,0x53BE,0x53BE,0x53BE,0x53BE,0x53BE,0x53BE,0x53BE,0x53BE,0x53BE,0x53BE,0x53BE,
    0x53BE,0x53BE,0x53BE,0x53BE,0x53BE,0x53BE,0x53BE,0x53BE,0x53BE,0x53BE,0x53BE,0x53BE,
    0x53BE,0x53BE,0x53BE,0x53BE,0x53BE,0x53BE,0x53BE,0x53BE,0x53BE,0x53BE,0x53BE,0x53BE,
    0x53BE,0x53BE,0x53BE,0x53BE,0x53BE,0x53BE,0x53BE,0x53BE,0x53BE,0x53BE,0x53BE,0x53BE,
    0x53BE,0x53BE,0x53BE,0x53BE,0x53BE,0x53BE,0x53BE,0x53BE,0x53BE,0x53BE,0x53BE,0x53BE,
    0x53BE,0x53BE,0x53BE,0x53BE,0x53BE,0x53BE,0x53BE,0x53BE,0x53BE,0x53BE,0x53BE,0x53BE,
    0x53BE,0x53BE,0x53BE,0x53BE,0x53BE,0x53BE,0x53BE,0x53BE,0x53BE,0x53BE,0x53BE,0x53BE,
    0x53BE,0x53BE,0x53BE,0x53BE,0x53BE,0x53BE,0x53BE,0x53BE,0x53BE,0x53BE,0x53BE,0x53BE,
    0x53BE,0x53BE,0x53BE,0x53BE,0x53BE,0x53BE,0x53BE,0x53BE,0x53BE,0x53BE,0x53BE,0x53BE,
    0x53BE,0x53BE,0x53BE,0x53BE,0x53BE,0x53BE,0x53BE,0x53BE,0x53BE,0x53BE,0x53BE,0x53BE,
    0x2D94,0x2D94,0x2D94,0x2D94,0x2D94,0x2D94,0x2D94,0x2D94,0x2D94,0x2D94,0x2D94,0x2D94,
    0x2D94,0x2D94,0x2D94,0x2D94,0x2D94,0x2D94,0x2D94,0x2D94,0x2D94,0x2D94,0x2D94,0x53BE,
    0x53BE,0x2D94,0x2D94,0x2D94,0x2D94,0x53BE,0x2D94,0x2D94,0x2D94,0x2D94,0x2D94,0x2D94,
    0x2D94,0x2D94,0x20C8,0x20C8,0x3A5C,0x3A5C,0x3A5C,0x20C8,0x3A5C,0x3A5C,0x53BE,0x53BE,
    0x53BE,0x53BE,0x53BE,0x53BE,0x53BE,0x53BE,0x53BE,0x53BE,0x53BE,0x53BE,0x53BE,0x53BE,
    0x53BE,0x53BE,0x53BE,0x53BE,0x53BE,0x53BE,0x53BE,0x53BE,0x53BE,0x0000,0x0000,0x0000,
    0x53BE,0x53BE,0x53BE,0x53BE,0x53BE,0x53BE,0x53BE,0x53BE,0x53BE,0x53BE,0x53BE,0x53BE,
    0x53BE,0x53BE,0x53BE,0x53BE,0x53BE,0x53BE,0x53BE,0x53BE,0x53BE,0x53BE,0x53BE,0x53BE,
    0x53BE,0x53BE,0x53BE,0x53BE,0x53BE,0x53BE,0x53BE,0x53BE,0x53BE,0x53BE,0x53BE,0x53BE,
    0x53BE,0x53BE,0x53BE,0x53BE,0x53BE,0x53BE,0x53BE,0x53BE,0x53BE,0x53BE,0x53BE,0x53BE,
    0x53BE,0x53BE,0x53BE,0x53BE,0x53BE,0x53BE,0x53BE,0x53BE,0x53BE,0x53BE,0x53BE,0x53BE,
    0x53BE,0x53BE,0x53BE,0x53BE,0x53BE,0x53BE,0x53BE,0x53BE,0x53BE,0x53BE,0x53BE,0x53BE,
    0x53BE,0x53BE,0x53BE,0x53BE,0x53BE,0x53BE,0x53BE,0x53BE,0x53BE,0x53BE,0x53BE,0x53BE,
    0x53BE,0x53BE,0x53BE,0x53BE,0x53BE,0x53BE,0x53BE,0x53BE,0x53BE,0x53BE,0x53BE,0x53BE,
    0x53BE,0x53BE,0x53BE,0x53BE,0x53BE,0x53BE,0x53BE,0x53BE,0x53BE,0x53BE,0x53BE,0x53BE,
    0x53BE,0x53BE,0x53BE,0x53BE,0x53BE,0x53BE,0x53BE,0x53BE,0x53BE,0x53BE,0x53BE,0x53BE,
    0x53BE,0x53BE,0x53BE,0x53BE,0x53BE,0x53BE,0x53BE,0x53BE,0x53BE,0x53BE,0x53BE,0x53BE,
    0x53BE,0x53BE,0x53BE,0x53BE,0x53BE,0x53BE,0x53BE,0x53BE,0x53BE,0x53BE,0x53BE,0x53BE,
    0x53BE,0x53BE,0x53BE,0x53BE,0x53BE,0x53BE,0x53BE,0x53BE,0x53BE,0x53BE,0x53BE,0x53BE,
    0x53BE,0x53BE,0x53BE,0x53BE,0x53BE,0x53BE,0x53BE,0x53BE,0x53BE,0x53BE,0x53BE,0x53BE,
    0x2D94,0x2D94,0x2D94,0x2D94,0x2D94,0x2D94,0x2D94,0x2D94,0x2D94,0x2D94,0x2D94,0x2D94,
    0x2D94,0x2D94,0x2D94,0x2D94,0x2D94,0x2D94,0x2D94,0x2D94,0x2D94,0x2D94,0x2D94,0x2D94,
    0x53BE,0x53BE,0x2D94,0x2D94,0x2D94,0x53BE,0x53BE,0x2D94,0x2D94,0x2D94,0x2D94,0x2D94,
    0x2D94,0x2D94,0x2D94,0x20C8,0x3A5C,0x3A5C,0x3A5C,0x3A5C,0x20C8,0x3A5C,0x53BE,0x53BE,
    0x53BE,0x53BE,0x53BE,0x53BE,0x53BE,0x53BE,0x53BE,0x53BE,0x53BE,0x53BE,0x53BE,0x53BE,
    0x53BE,0x53BE,0x53BE,0x53BE,0x53BE,0x53BE,0x53BE,0x53BE,0x53BE,0x53BE,0x53BE,0x53BE,
    0x53BE,0x0000,0x0000,0x53BE,0x53BE,0x53BE,0x53BE,0x53BE,0x53BE,0x53BE,0x53BE,0x53BE,
    0x53BE,0x53BE,0x53BE,0x53BE,0x53BE,0x53BE,0x53BE,0x53BE,0x53BE,0x53BE,0x53BE,0x53BE,
    0x53BE,0x53BE,0x53BE,0x53BE,0x53BE,0x53BE,0x53BE,0x53BE,0x53BE,0x53BE,0x53BE,0x53BE,
    0x53BE,0x53BE,0x53BE,0x53BE,0x53BE,0x53BE,0x53BE,0x53BE,0x53BE,0x53BE,0x53BE,0x53BE,
    0x53BE,0x53BE,0x53BE,0x53BE,0x53BE,0x53BE,0x53BE,0x53BE,0x53BE,0x53BE,0x53BE,0x53BE,
    0x53BE,0x53BE,0x53BE,0x53BE,0x53BE,0x53BE,0x53BE,0x53BE,0x53BE,0x53BE,0x53BE,0x53BE,
    0x53BE,0x53BE,0x53BE,0x53BE,0x53BE,0x53BE,0x53BE,0x53BE,0x53BE,0x53BE,0x53BE,0x53BE,
    0x53BE,0x53BE,0x53BE,0x53BE,0x53BE,0x53BE,0x53BE,0x53BE,0x53BE,0x53BE,0x53BE,0x53BE,
    0x53BE,0x53BE,0x53BE,0x53BE,0x53BE,0x53BE,0x53BE,0x53BE,0x53BE,0x53BE,0x53BE,0x53BE,
    0x53BE,0x53BE,0x53BE,0x53BE,0x53BE,0x53BE,0x53BE,0x53BE,0x53BE,0x53BE,0x53BE,0x53BE,
    0x53BE,0x53BE,0x53BE,0x53BE,0x53BE,0x53BE,0x53BE,0x53BE,0x53BE,0x53BE,0x53BE,0x53BE,
    0x53BE,0x53BE,0x53BE,0x53BE,0x53BE,0x53BE,0x53BE,0x53BE,0x53BE,0x53BE,0x53BE,0x53BE,
    0x53BE,0x53BE,0x53BE,0x53BE,0x53BE,0x53BE,0x53BE,0x53BE,0x53BE,0x53BE,0x53BE,0x53BE,
    0x53BE,0x53BE,0x53BE,0x53BE,0x53BE,0x53BE,0x53BE,0x53BE,0x53BE,0x53BE,0x53BE,0x53BE,
    0x53BE,0x53BE,0x2D94,0x2D94,0x2D94,0x2D94,0x2D94,0x2D94,0x2D94,0x2D94,0x2D94,0x2D94,
    0x2D94,0x2D94,0x2D94,0x2D94,0x2D94,0x2D94,0x2D94,0x2D94,0x2D94,0x2D94,0x2D94,0x2D94,
    0x53BE,0x3A5C,0x53BE,0x2D94,0x20C8,0x20C8,0x20C8,0x20C8,0x20C8,0x20C8,0x20C8,0x20C8,
    0x20C8,0x20C8,0x20C8,0x3A5C,0x3A5C,0x3A5C,0x3A5C,0x3A5C,0x3A5C,0x20C8,0x53BE,0x53BE,
    0x53BE,0x53BE,0x53BE,0x53BE,0x53BE,0x53BE,0x53BE,0x53BE,0x53BE,0x53BE,0x53BE,0x53BE,
    0x53BE,0x53BE,0x53BE,0x53BE,0x53BE,0x53BE,0x53BE,0x53BE,0x53BE,0x53BE,0x53BE,0x53BE,
    0x53BE,0x53BE,0x53BE,0x53BE,0x0000,0x0000,0x0000,0x0000,0x53BE,0x53BE,0x53BE,0x53BE,
    0x53BE,0x53BE,0x53BE,0x53BE,0x53BE,0x53BE,0x53BE,0x53BE,0x53BE,0x53BE,0x53BE,0x53BE,
    0x53BE,0x53BE,0x53BE,0x53BE,0x53BE,0x53BE,0x53BE,0x53BE,0x53BE,0x53BE,0x53BE,0x53BE,
    0x53BE,0x53BE,0x53BE,0x53BE,0x53BE,0x53BE,0x53BE,0x53BE,0x53BE,0x53BE,0x53BE,0x53BE,
    0x53BE,0x53BE,0x53BE,0x53BE,0x53BE,0x53BE,0x53BE,0x53BE,0x53BE,0x53BE,0x53BE,0x53BE,
    0x53BE,0x53BE,0x53BE,0x53BE,0x53BE,0x53BE,0x53BE,0x53BE,0x53BE,0x53BE,0x53BE,0x53BE,
    0x53BE,0x53BE,0x53BE,0x53BE,0x53BE,0x53BE,0x53BE,0x53BE,0x53BE,0x53BE,0x53BE,0x53BE,
    0x53BE,0x53BE,0x53BE,0x53BE,0x53BE,0x53BE,0x53BE,0x53BE,0x53BE,0x53BE,0x53BE,0x53BE,
    0x53BE,0x53BE,0x53BE,0x53BE,0x53BE,0x53BE,0x53BE,0x53BE,0x53BE,0x53BE,0x53BE,0x53BE,
    0x53BE,0x53BE,0x53BE,0x53BE,0x53BE,0x53BE,0x53BE,0x53BE,0x53BE,0x53BE,0x53BE,0x53BE,
    0x53BE,0x53BE,0x53BE,0x53BE,0x53BE,0x53BE,0x53BE,0x53BE,0x53BE,0x53BE,0x53BE,0x53BE,
    0x53BE,0x53BE,0x53BE,0x53BE,0x53BE,0x53BE,0x53BE,0x53BE,0x53BE,0x53BE,0x53BE,0x53BE,
    0x53BE,0x53BE,0x53BE,0x53BE,0x53BE,0x53BE,0x53BE,0x53BE,0x53BE,0x53BE,0x53BE,0x53BE,
    0x53BE,0x53BE,0x53BE,0x53BE,0x53BE,0x53BE,0x53BE,0x53BE,0x53BE,0x53BE,0x53BE,0x53BE,
    0x3A5C,0x3A5C,0x53BE,0x53BE,0x53BE,0x53BE,0x53BE,0x2D94,0x2D94,0x2D94,0x2D94,0x2D94,
    0x2D94,0x2D94,0x2D94,0x2D94,0x2D94,0x2D94,0x2D94,0x2D94,0x2D94,0x2D94,0x2D94,0x2D94,
    0x2D94,0x53BE,0x2D94,0x53BE,0x3A5C,0x3A5C,0x53BE,0x53BE,0x3A5C,0x3A5C,0x3A5C,0x3A5C,
    0x3A5C,0x3A5C,0x3A5C,0x3A5C,0x3A5C,0x3A5C,0x3A5C,0x3A5C,0x20C8,0x20C8,0x20C8,0x53BE,
    0x53BE,0x53BE,0x53BE,0x53BE,0x53BE,0x53BE,0x53BE,0x53BE,0x53BE,0x53BE,0x53BE,0x53BE,
    0x53BE,0x53BE,0x53BE,0x53BE,0x53BE,0x53BE,0x53BE,0x53BE,0x53BE,0x53BE,0x53BE,0x53BE,
    0x53BE,0x53BE,0x53BE,0x53BE,0x53BE,0x53BE,0x53BE,0x53BE,0x0000,0x0000,0x0000,0x0000,
    0x53BE,0x53BE,0x53BE,0x53BE,0x53BE,0x53BE,0x53BE,0x53BE,0x53BE,0x53BE,0x53BE,0x53BE,
    0x53BE,0x53BE,0x53BE,0x53BE,0x53BE,0x53BE,0x53BE,0x53BE,0x53BE,0x53BE,0x53BE,0x53BE,
    0x53BE,0x53BE,0x53BE,0x53BE,0x53BE,0x53BE,0x53BE,0x53BE,0x53BE,0x53BE,0x53BE,0x53BE,
    0x53BE,0x53BE,0x53BE,0x53BE,0x53BE,0x53BE,0x53BE,0x53BE,0x53BE,0x53BE,0x53BE,0x53BE,
    0x53BE,0x53BE,0x53BE,0x53BE,0x53BE,0x53BE,0x53BE,0x53BE,0x53BE,0x53BE,0x53BE,0x53BE,
    0x53BE,0x53BE,0x53BE,0x53BE,0x53BE,0x53BE,0x53BE,0x53BE,0x53BE,0x53BE,0x53BE,0x53BE,
    0x53BE,0x53BE,0x53BE,0x53BE,0x53BE,0x53BE,0x53BE,0x53BE,0x53BE,0x53BE,0x53BE,0x53BE,
    0x53BE,0x53BE,0x53BE,0x53BE,0x53BE,0x53BE,0x53BE,0x53BE,0x53BE,0x53BE,0x53BE,0x53BE,
    0x53BE,0x53BE,0x53BE,0x53BE,0x53BE,0x53BE,0x53BE,0x53BE,0x53BE,0x53BE,0x53BE,0x53BE,
    0x53BE,0x53BE,0x53BE,0x53BE,0x53BE,0x53BE,0x53BE,0x53BE,0x53BE,0x53BE,0x53BE,0x53BE,
    0x53BE,0x53BE,0x53BE,0x53BE,0x53BE,0x53BE,0x53BE,0x53BE,0x53BE,0x53BE,0x53BE,0x53BE,
    0x53BE,0x53BE,0x53BE,0x53BE,0x53BE,0x53BE,0x53BE,0x53BE,0x53BE,0x53BE,0x53BE,0x53BE,
    0x53BE,0x53BE,0x53BE,0x53BE,0x53BE,0x53BE,0x53BE,0x53BE,0x53BE,0x53BE,0x53BE,0x53BE,
    0x53BE,0x53BE,0x3A5C,0x3A5C,0x3A5C,0x3A5C,0x3A5C,0x53BE,0x53BE,0x53BE,0x53BE,0x2D94,
    0x2D94,0x2D94,0x2D94,0x2D94,0x2D94,0x2D94,0x2D94,0x2D94,0x2D94,0x2D94,0x2D94,0x2D94,
    0x2D94,0x53BE,0x2D94,0x2D94,0x53BE,0x53BE,0x53BE,0x3A5C,0x53BE,0x3A5C,0x3A5C,0x3A5C,
    0x3A5C,0x3A5C,0x3A5C,0x3A5C,0x3A5C,0x3A5C,0x3A5C,0x3A5C,0x3A5C,0x3A5C,0x20C8,0x20C8,
    0x53BE,0x53BE,0x53BE,0x53BE,0x53BE,0x53BE,0x53BE,0x53BE,0x53BE,0x53BE,0x53BE,0x53BE,
    0x53BE,0x53BE,0x53BE,0x53BE,0x53BE,0x53BE,0x53BE,0x53BE,0x53BE,0x53BE,0x53BE,0x53BE,
    0x53BE,0x53BE,0x53BE,0x53BE,0x53BE,0x53BE,0x53BE,0x53BE,0x53BE,0x53BE,0x53BE,0x53BE,
    0x53BE,0x0000,0x0000,0x53BE,0x53BE,0x53BE,0x53BE,0x53BE,0x53BE,0x53BE,0x53BE,0x53BE,
    0x53BE,0x53BE,0x53BE,0x53BE,0x53BE,0x53BE,0x53BE,0x53BE,0x53BE,0x53BE,0x53BE,0x53BE,
    0x53BE,0x53BE,0x53BE,0x53BE,0x53BE,0x53BE,0x53BE,0x53BE,0x53BE,0x53BE,0x53BE,0x53BE,
    0x53BE,0x53BE,0x53BE,0x53BE,0x53BE,0x53BE,0x53BE,0x53BE,0x53BE,0x53BE,0x53BE,0x53BE,
    0x53BE,0x53BE,0x53BE,0x53BE,0x53BE,0x53BE,0x53BE,0x53BE,0x53BE,0x53BE,0x53BE,0x53BE,
    0x53BE,0x53BE,0x53BE,0x53BE,0x53BE,0x53BE,0x53BE,0x53BE,0x53BE,0x53BE,0x53BE,0x53BE,
    0x53BE,0x53BE,0x53BE,0x53BE,0x53BE,0x53BE,0x53BE,0x53BE,0x53BE,0x53BE,0x53BE,0x53BE,
    0x53BE,0x53BE,0x53BE,0x53BE,0x53BE,0x53BE,0x53BE,0x53BE,0x53BE,0x53BE,0x53BE,0x53BE,
    0x53BE,0x53BE,0x53BE,0x53BE,0x53BE,0x53BE,0x53BE,0x53BE,0x53BE,0x53BE,0x53BE,0x53BE,
    0x53BE,0x53BE,0x53BE,0x53BE,0x53BE,0x53BE,0x53BE,0x53BE,0x53BE,0x53BE,0x53BE,0x53BE,
    0x53BE,0x53BE,0x53BE,0x53BE,0x53BE,0x53BE,0x53BE,0x53BE,0x53BE,0x53BE,0x53BE,0x53BE,
    0x53BE,0x53BE,0x53BE,0x53BE,0x53BE,0x53BE,0x53BE,0x53BE,0x53BE,0x53BE,0x53BE,0x53BE,
    0x53BE,0x53BE,0x53BE,0x53BE,0x53BE,0x53BE,0x53BE,0x53BE,0x53BE,0x53BE,0x53BE,0x53BE,
    0x3A5C,0x3A5C,0x53BE,0x53BE,0x3A5C,0x3A5C,0x53BE,0x3A5C,0x3A5C,0x3A5C,0x3A5C,0x53BE,
    0x53BE,0x53BE,0x2D94,0x2D94,0x2D94,0x2D94,0x2D94,0x2D94,0x2D94,0x2D94,0x2D94,0x2D94,
    0x2D94,0x53BE,0x2D94,0x2D94,0x2D94,0x2D94,0x53BE,0x53BE,0x53BE,0x3A5C,0x3A5C,0x3A5C,
    0x3A5C,0x3A5C,0x3A5C,0x3A5C,0x3A5C,0x3A5C,0x3A5C,0x3A5C,0x3A5C,0x3A5C,0x3A5C,0x3A5C,
    0x20C8,0x20C8,0x20C8,0x20C8,0x53BE,0x53BE,0x53BE,0x53BE,0x53BE,0x53BE,0x53BE,0x53BE,
    0x53BE,0x53BE,0x53BE,0x53BE,0x53BE,0x53BE,0x53BE,0x53BE,0x53BE,0x53BE,0x53BE,0x53BE,
    0x53BE,0x53BE,0x53BE,0x53BE,0x53BE,0x53BE,0x53BE,0x53BE,0x53BE,0x53BE,0x53BE,0x53BE,
    0x53BE,0x53BE,0x53BE,0x53BE,0x0000,0x0000,0x53BE,0x53BE,0x53BE,0x53BE,0x53BE,0x53BE,
    0x53BE,0x53BE,0x53BE,0x53BE,0x53BE,0x53BE,0x53BE,0x53BE,0x53BE,0x53BE,0x53BE,0x53BE,
    0x53BE,0x53BE,0x53BE,0x53BE,0x53BE,0x53BE,0x53BE,0x53BE,0x53BE,0x53BE,0x53BE,0x53BE,
    0x53BE,0x53BE,0x53BE,0x53BE,0x53BE,0x53BE,0x53BE,0x53BE,0x53BE,0x53BE,0x53BE,0x53BE,
    0x53BE,0x53BE,0x53BE,0x53BE,0x53BE,0x53BE,0x53BE,0x53BE,0x53BE,0x53BE,0x53BE,0x53BE,
    0x53BE,0x53BE,0x53BE,0x53BE,0x53BE,0x53BE,0x53BE,0x53BE,0x53BE,0x53BE,0x53BE,0x53BE,
    0x53BE,0x53BE,0x53BE,0x53BE,0x53BE,0x53BE,0x53BE,0x53BE,0x53BE,0x53BE,0x53BE,0x53BE,
    0x53BE,0x53BE,0x53BE,0x53BE,0x53BE,0x53BE,0x53BE,0x53BE,0x53BE,0x53BE,0x53BE,0x53BE,
    0x53BE,0x53BE,0x53BE,0x53BE,0x53BE,0x53BE,0x53BE,0x53BE,0x53BE,0x53BE,0x53BE,0x53BE,
    0x53BE,0x53BE,0x53BE,0x53BE,0x53BE,0x53BE,0x53BE,0x53BE,0x53BE,0x53BE,0x53BE,0x53BE,
    0x53BE,0x53BE,0x53BE,0x53BE,0x53BE,0x53BE,0x53BE,0x53BE,0x53BE,0x53BE,0x53BE,0x53BE,
    0x53BE,0x53BE,0x53BE,0x53BE,0x53BE,0x53BE,0x53BE,0x53BE,0x53BE,0x53BE,0x53BE,0x53BE,
    0x53BE,0x53BE,0x53BE,0x53BE,0x53BE,0x53BE,0x53BE,0x53BE,0x53BE,0x53BE,0x53BE,0x53BE,
    0x20C8,0x20C8,0x20C8,0x20C8,0x20C8,0x20C8,0x3A5C,0x53BE,0x53BE,0x53BE,0x3A5C,0x3A5C,
    0x3A5C,0x3A5C,0x53BE,0x53BE,0x53BE,0x2D94,0x2D94,0x2D94,0x2D94,0x2D94,0x2D94,0x2D94,
    0x2D94,0x2D94,0x2D94,0x2D94,0x2D94,0x2D94,0x2D94,0x53BE,0x2D94,0x53BE,0x3A5C,0x3A5C,
    0x3A5C,0x3A5C,0x3A5C,0x3A5C,0x3A5C,0x3A5C,0x3A5C,0x3A5C,0x3A5C,0x3A5C,0x3A5C,0x3A5C,
    0x3A5C,0x3A5C,0x20C8,0x20C8,0x20C8,0x53BE,0x53BE,0x53BE,0x53BE,0x53BE,0x53BE,0x53BE,
    0x53BE,0x53BE,0x53BE,0x53BE,0x53BE,0x53BE,0x53BE,0x53BE,0x53BE,0x53BE,0x53BE,0x53BE,
    0x53BE,0x53BE,0x53BE,0x53BE,0x53BE,0x53BE,0x53BE,0x53BE,0x53BE,0x53BE,0x53BE,0x53BE,
    0x53BE,0x53BE,0x53BE,0x53BE,0x53BE,0x53BE,0x53BE,0x53BE,0x0000,0x53BE,0x53BE,0x53BE,
    0x53BE,0x53BE,0x53BE,0x53BE,0x53BE,0x53BE,0x53BE,0x53BE,0x53BE,0x53BE,0x53BE,0x53BE,
    0x53BE,0x53BE,0x53BE,0x53BE,0x53BE,0x53BE,0x53BE,0x53BE,0x53BE,0x53BE,0x53BE,0x53BE,
    0x53BE,0x53BE,0x53BE,0x53BE,0x53BE,0x53BE,0x53BE,0x53BE,0x53BE,0x53BE,0x53BE,0x53BE,
    0x53BE,0x53BE,0x53BE,0x53BE,0x53BE,0x53BE,0x53BE,0x53BE,0x53BE,0x53BE,0x53BE,0x53BE,
    0x53BE,0x53BE,0x53BE,0x53BE,0x53BE,0x53BE,0x53BE,0x53BE,0x53BE,0x53BE,0x53BE,0x53BE,
    0x53BE,0x53BE,0x53BE,0x53BE,0x53BE,0x53BE,0x53BE,0x53BE,0x53BE,0x53BE,0x53BE,0x53BE,
    0x53BE,0x53BE,0x53BE,0x53BE,0x53BE,0x53BE,0x53BE,0x53BE,0x53BE,0x53BE,0x53BE,0x53BE,
    0x53BE,0x53BE,0x53BE,0x53BE,0x53BE,0x53BE,0x53BE,0x53BE,0x53BE,0x53BE,0x53BE,0x53BE,
    0x53BE,0x53BE,0x53BE,0x53BE,0x53BE,0x53BE,0x53BE,0x53BE,0x53BE,0x53BE,0x53BE,0x53BE,
    0x53BE,0x53BE,0x53BE,0x53BE,0x53BE,0x53BE,0x53BE,0x53BE,0x53BE,0x53BE,0x53BE,0x53BE,
    0x53BE,0x53BE,0x53BE,0x53BE,0x53BE,0x53BE,0x53BE,0x53BE,0x53BE,0x53BE,0x53BE,0x53BE,
    0x53BE,0x53BE,0x53BE,0x53BE,0x53BE,0x53BE,0x53BE,0x53BE,0x53BE,0x53BE,0x53BE,0x53BE,
    0x3A5C,0x3A5C,0x3A5C,0x3A5C,0x3A5C,0x20C8,0x20C8,0x20C8,0x53BE,0x3A5C,0x53BE,0x53BE,
    0x53BE,0x3A5C,0x3A5C,0x3A5C,0x3A5C,0x53BE,0x53BE,0x2D94,0x2D94,0x2D94,0x2D94,0x2D94,
    0x2D94,0x2D94,0x2D94,0x2D94,0x2D94,0x2D94,0x2D94,0x2D94,0x2D94,0x53BE,0x3A5C,0x3A5C,
    0x3A5C,0x3A5C,0x3A5C,0x3A5C,0x3A5C,0x3A5C,0x3A5C,0x3A5C,0x3A5C,0x3A5C,0x3A5C,0x3A5C,
    0x3A5C,0x3A5C,0x3A5C,0x20C8,0x3A5C,0x20C8,0x20C8,0x53BE,0x53BE,0x53BE,0x53BE,0x53BE,
    0x53BE,0x53BE,0x53BE,0x53BE,0x53BE,0x53BE,0x53BE,0x53BE,0x53BE,0x53BE,0x53BE,0x53BE,
    0x53BE,0x53BE,0x53BE,0x53BE,0x53BE,0x53BE,0x53BE,0x53BE,0x53BE,0x53BE,0x53BE,0x53BE,
    0x53BE,0x53BE,0x53BE,0x53BE,0x53BE,0x53BE,0x53BE,0x53BE,0x53BE,0x53BE,0x53BE,0x53BE,
    0x53BE,0x53BE,0x53BE,0x0000,0x53BE,0x53BE,0x53BE,0x53BE,0x53BE,0x53BE,0x53BE,0x53BE,
    0x53BE,0x53BE,0x53BE,0x53BE,0x53BE,0x53BE,0x53BE,0x53BE,0x53BE,0x53BE,0x53BE,0x53BE,
    0x53BE,0x53BE,0x53BE,0x53BE,0x53BE,0x53BE,0x53BE,0x53BE,0x53BE,0x53BE,0x53BE,0x53BE,
    0x53BE,0x53BE,0x53BE,0x53BE,0x53BE,0x53BE,0x53BE,0x53BE,0x53BE,0x53BE,0x53BE,0x53BE,
    0x53BE,0x53BE,0x53BE,0x53BE,0x53BE,0x53BE,0x53BE,0x53BE,0x53BE,0x53BE,0x53BE,0x53BE,
    0x53BE,0x53BE,0x53BE,0x53BE,0x53BE,0x53BE,0x53BE,0x53BE,0x53BE,0x53BE,0x53BE,0x53BE,
    0x53BE,0x53BE,0x53BE,0x53BE,0x53BE,0x53BE,0x53BE,0x53BE,0x53BE,0x53BE,0x53BE,0x53BE,
    0x53BE,0x53BE,0x53BE,0x53BE,0x53BE,0x53BE,0x53BE,0x53BE,0x53BE,0x53BE,0x53BE,0x53BE,
    0x53BE,0x53BE,0x53BE,0x53BE,0x53BE,0x53BE,0x53BE,0x53BE,0x53BE,0x53BE,0x53BE,0x53BE,
    0x53BE,0x53BE,0x53BE,0x53BE,0x53BE,0x53BE,0x53BE,0x53BE,0x53BE,0x53BE,0x53BE,0x53BE,
    0x53BE,0x53BE,0x53BE,0x53BE,0x53BE,0x53BE,0x53BE,0x53BE,0x53BE,0x53BE,0x53BE,0x53BE,
    0x53BE,0x53BE,0x53BE,0x53BE,0x53BE,0x53BE,0x53BE,0x53BE,0x53BE,0x53BE,0x53BE,0x53BE,
    0x3A5C,0x3A5C,0x3A5C,0x3A5C,0x3A5C,0x3A5C,0x3A5C,0x20C8,0x20C8,0x20C8,0x53BE,0x3A5C,
    0x3A5C,0x53BE,0x53BE,0x53BE,0x3A5C,0x3A5C,0x3A5C,0x53BE,0x53BE,0x2D94,0x2D94,0x2D94,
    0x2D94,0x2D94,0x2D94,0x2D94,0x2D94,0x2D94,0x2D94,0x2D94,0x2D94,0x53BE,0x3A5C,0x3A5C,
    0x53BE,0x3A5C,0x3A5C,0x3A5C,0x3A5C,0x3A5C,0x3A5C,0x3A5C,0x3A5C,0x53BE,0x3A5C,0x3A5C,
    0x3A5C,0x3A5C,0x3A5C,0x3A5C,0x20C8,0x3A5C,0x20C8,0x20C8,0x53BE,0x53BE,0x53BE,0x53BE,
    0x53BE,0x53BE,0x53BE,0x53BE,0x53BE,0x53BE,0x53BE,0x53BE,0x53BE,0x53BE,0x53BE,0x53BE,
    0x53BE,0x53BE,0x53BE,0x53BE,0x53BE,0x53BE,0x53BE,0x53BE,0x53BE,0x53BE,0x53BE,0x53BE,
    0x53BE,0x53BE,0x53BE,0x53BE,0x53BE,0x53BE,0x53BE,0x53BE,0x53BE,0x53BE,0x53BE,0x53BE,
    0x53BE,0x53BE,0x53BE,0x53BE,0x53BE,0x53BE,0x0000,0x0000,0x53BE,0x53BE,0x53BE,0x53BE,
    0x53BE,0x53BE,0x53BE,0x53BE,0x53BE,0x53BE,0x53BE,0x53BE,0x53BE,0x53BE,0x53BE,0x53BE,
    0x53BE,0x53BE,0x53BE,0x53BE,0x53BE,0x53BE,0x53BE,0x53BE,0x53BE,0x53BE,0x53BE,0x53BE,
    0x53BE,0x53BE,0x53BE,0x53BE,0x53BE,0x53BE,0x53BE,0x53BE,0x53BE,0x53BE,0x53BE,0x53BE,
    0x53BE,0x53BE,0x53BE,0x53BE,0x53BE,0x53BE,0x53BE,0x53BE,0x53BE,0x53BE,0x53BE,0x53BE,
    0x53BE,0x53BE,0x53BE,0x53BE,0x53BE,0x53BE,0x53BE,0x53BE,0x53BE,0x53BE,0x53BE,0x53BE,
    0x53BE,0x53BE,0x53BE,0x53BE,0x53BE,0x53BE,0x53BE,0x53BE,0x53BE,0x53BE,0x53BE,0x53BE,
    0x53BE,0x53BE,0x53BE,0x53BE,0x53BE,0x53BE,0x53BE,0x53BE,0x53BE,0x53BE,0x53BE,0x53BE,
    0x53BE,0x53BE,0x53BE,0x53BE,0x53BE,0x53BE,0x53BE,0x53BE,0x53BE,0x53BE,0x53BE,0x53BE,
    0x53BE,0x53BE,0x53BE,0x53BE,0x53BE,0x53BE,0x53BE,0x53BE,0x53BE,0x53BE,0x53BE,0x53BE,
    0x53BE,0x53BE,0x53BE,0x53BE,0x53BE,0x53BE,0x53BE,0x53BE,0x53BE,0x53BE,0x53BE,0x53BE,
    0x53BE,0x53BE,0x53BE,0x53BE,0x53BE,0x53BE,0x53BE,0x53BE,0x53BE,0x53BE,0x53BE,0x53BE,
    0x3A5C,0x3A5C,0x3A5C,0x3A5C,0x3A5C,0x3A5C,0x3A5C,0x3A5C,0x53BE,0x20C8,0x20C8,0x20C8,
    0x53BE,0x2D94,0x2D94,0x2D94,0x53BE,0x53BE,0x53BE,0x53BE,0x2D94,0x2D94,0x2D94,0x2D94,
    0x2D94,0x2D94,0x2D94,0x2D94,0x53BE,0x53BE,0x53BE,0x2D94,0x2D94,0x2D94,0x53BE,0x3A5C,
    0x53BE,0x3A5C,0x3A5C,0x3A5C,0x3A5C,0x3A5C,0x3A5C,0x3A5C,0x3A5C,0x53BE,0x3A5C,0x3A5C,
    0x3A5C,0x3A5C,0x3A5C,0x3A5C,0x3A5C,0x20C8,0x20C8,0x3A5C,0x20C8,0x53BE,0x53BE,0x53BE,
    0x53BE,0x53BE,0x53BE,0x53BE,0x53BE,0x53BE,0x53BE,0x53BE,0x53BE,0x53BE,0x53BE,0x53BE,
    0x53BE,0x53BE,0x53BE,0x53BE,0x53BE,0x53BE,0x53BE,0x53BE,0x53BE,0x53BE,0x53BE,0x53BE,
    0x53BE,0x53BE,0x53BE,0x53BE,0x53BE,0x53BE,0x53BE,0x53BE,0x53BE,0x53BE,0x53BE,0x53BE,
    0x53BE,0x53BE,0x53BE,0x53BE,0x53BE,0x53BE,0x53BE,0x53BE,0x53BE,0x53BE,0x0000,0x53BE,
    0x53BE,0x53BE,0x53BE,0x53BE,0x53BE,0x53BE,0x53BE,0x53BE,0x53BE,0x53BE,0x53BE,0x53BE,
    0x53BE,0x53BE,0x53BE,0x53BE,0x53BE,0x53BE,0x53BE,0x53BE,0x53BE,0x53BE,0x53BE,0x53BE,
    0x53BE,0x53BE,0x53BE,0x53BE,0x53BE,0x53BE,0x53BE,0x53BE,0x53BE,0x53BE,0x53BE,0x53BE,
    0x53BE,0x53BE,0x53BE,0x53BE,0x53BE,0x53BE,0x53BE,0x53BE,0x53BE,0x53BE,0x53BE,0x53BE,
    0x53BE,0x53BE,0x53BE,0x53BE,0x53BE,0x53BE,0x53BE,0x53BE,0x53BE,0x53BE,0x53BE,0x53BE,
    0x53BE,0x53BE,0x53BE,0x53BE,0x53BE,0x53BE,0x53BE,0x53BE,0x53BE,0x53BE,0x53BE,0x53BE,
    0x53BE,0x53BE,0x53BE,0x53BE,0x53BE,0x53BE,0x53BE,0x53BE,0x53BE,0x53BE,0x53BE,0x53BE,
    0x53BE,0x53BE,0x53BE,0x53BE,0x53BE,0x53BE,0x53BE,0x53BE,0x53BE,0x53BE,0x53BE,0x53BE,
    0x53BE,0x53BE,0x53BE,0x53BE,0x53BE,0x53BE,0x53BE,0x53BE,0x53BE,0x53BE,0x53BE,0x53BE,
    0x53BE,0x53BE,0x53BE,0x53BE,0x53BE,0x53BE,0x53BE,0x53BE,0x53BE,0x53BE,0x53BE,0x53BE,
    0x53BE,0x53BE,0x53BE,0x53BE,0x53BE,0x53BE,0x53BE,0x53BE,0x53BE,0x53BE,0x53BE,0x53BE,
    0x3A5C,0x3A5C,0x3A5C,0x3A5C,0x3A5C,0x3A5C,0x3A5C,0x3A5C,0x3A5C,0x53BE,0x20C8,0x3A5C,
    0x20C8,0x20C8,0x53BE,0x2D94,0x2D94,0x2D94,0x2D94,0x2D94,0x2D94,0x2D94,0x2D94,0x2D94,
    0x2D94,0x2D94,0x2D94,0x2D94,0x2D94,0x53BE,0x3A5C,0x53BE,0x53BE,0x2D94,0x53BE,0x3A5C,
    0x53BE,0x3A5C,0x3A5C,0x3A5C,0x3A5C,0x3A5C,0x3A5C,0x3A5C,0x3A5C,0x53BE,0x3A5C,0x3A5C,
    0x3A5C,0x3A5C,0x3A5C,0x3A5C,0x20C8,0x20C8,0x20C8,0x3A5C,0x3A5C,0x20C8,0x3A5C,0x53BE,
    0x53BE,0x53BE,0x53BE,0x53BE,0x53BE,0x53BE,0x53BE,0x53BE,0x53BE,0x53BE,0x53BE,0x53BE,
    0x53BE,0x53BE,0x53BE,0x53BE,0x53BE,0x53BE,0x53BE,0x53BE,0x53BE,0x53BE,0x53BE,0x53BE,
    0x53BE,0x53BE,0x53BE,0x53BE,0x53BE,0x53BE,0x53BE,0x53BE,0x53BE,0x53BE,0x53BE,0x53BE,
    0x53BE,0x53BE,0x53BE,0x53BE,0x53BE,0x53BE,0x53BE,0x53BE,0x53BE,0x53BE,0x53BE,0x53BE,
    0x53BE,0x53BE,0x53BE,0x53BE,0x0000,0x53BE,0x53BE,0x53BE,0x53BE,0x53BE,0x53BE,0x53BE,
    0x53BE,0x53BE,0x53BE,0x53BE,0x53BE,0x53BE,0x53BE,0x53BE,0x53BE,0x53BE,0x53BE,0x53BE,
    0x53BE,0x53BE,0x53BE,0x53BE,0x53BE,0x53BE,0x53BE,0x53BE,0x53BE,0x53BE,0x53BE,0x53BE,
    0x53BE,0x53BE,0x53BE,0x53BE,0x53BE,0x53BE,0x53BE,0x53BE,0x53BE,0x53BE,0x53BE,0x53BE,
    0x53BE,0x53BE,0x53BE,0x53BE,0x53BE,0x53BE,0x53BE,0x53BE,0x53BE,0x53BE,0x53BE,0x53BE,
    0x53BE,0x53BE,0x53BE,0x53BE,0x53BE,0x53BE,0x53BE,0x53BE,0x53BE,0x53BE,0x53BE,0x53BE,
    0x53BE,0x53BE,0x53BE,0x53BE,0x53BE,0x53BE,0x53BE,0x53BE,0x53BE,0x53BE,0x53BE,0x53BE,
    0x53BE,0x53BE,0x53BE,0x53BE,0x53BE,0x53BE,0x53BE,0x53BE,0x53BE,0x53BE,0x53BE,0x53BE,
    0x53BE,0x53BE,0x53BE,0x53BE,0x53BE,0x53BE,0x53BE,0x53BE,0x53BE,0x53BE,0x53BE,0x53BE,
    0x53BE,0x53BE,0x53BE,0x53BE,0x53BE,0x53BE,0x53BE,0x53BE,0x53BE,0x53BE,0x53BE,0x53BE,
    0x53BE,0x53BE,0x53BE,0x53BE,0x53BE,0x53BE,0x53BE,0x53BE,0x53BE,0x53BE,0x53BE,0x53BE,
    0x3A5C,0x3A5C,0x3A5C,0x3A5C,0x3A5C,0x3A5C,0x3A5C,0x3A5C,0x3A5C,0x3A5C,0x20C8,0x3A5C,
    0x3A5C,0x3A5C,0x20C8,0x20C8,0x53BE,0x2D94,0x2D94,0x2D94,0x2D94,0x2D94,0x2D94,0x2D94,
    0x2D94,0x2D94,0x2D94,0x2D94,0x2D94,0x2D94,0x53BE,0x3A5C,0x3A5C,0x53BE,0x3A5C,0x53BE,
    0x53BE,0x3A5C,0x3A5C,0x53BE,0x3A5C,0x3A5C,0x3A5C,0x3A5C,0x3A5C,0x53BE,0x53BE,0x3A5C,
    0x3A5C,0x3A5C,0x3A5C,0x3A5C,0x3A5C,0x20C8,0x20C8,0x20C8,0x3A5C,0x3A5C,0x20C8,0x3A5C,
    0x3A5C,0x3A5C,0x53BE,0x53BE,0x53BE,0x53BE,0x53BE,0x53BE,0x53BE,0x53BE,0x53BE,0x53BE,
    0x53BE,0x53BE,0x53BE,0x53BE,0x53BE,0x53BE,0x53BE,0x53BE,0x53BE,0x53BE,0x53BE,0x53BE,
    0x53BE,0x53BE,0x53BE,0x53BE,0x53BE,0x53BE,0x53BE,0x53BE,0x53BE,0x53BE,0x53BE,0x53BE,
    0x53BE,0x53BE,0x53BE,0x53BE,0x53BE,0x53BE,0x53BE,0x53BE,0x53BE,0x53BE,0x53BE,0x53BE,
    0x53BE,0x53BE,0x53BE,0x53BE,0x53BE,0x53BE,0x53BE,0x0000,0x53BE,0x53BE,0x53BE,0x53BE,
    0x53BE,0x53BE,0x53BE,0x53BE,0x53BE,0x53BE,0x53BE,0x53BE,0x53BE,0x53BE,0x53BE,0x53BE,
    0x53BE,0x53BE,0x53BE,0x53BE,0x53BE,0x53BE,0x53BE,0x53BE,0x53BE,0x53BE,0x53BE,0x53BE,
    0x53BE,0x53BE,0x53BE,0x53BE,0x53BE,0x53BE,0x53BE,0x53BE,0x53BE,0x53BE,0x53BE,0x53BE,
    0x53BE,0x53BE,0x53BE,0x53BE,0x53BE,0x53BE,0x53BE,0x53BE,0x53BE,0x53BE,0x53BE,0x53BE,
    0x53BE,0x53BE,0x53BE,0x53BE,0x53BE,0x53BE,0x53BE,0x53BE,0x53BE,0x53BE,0x53BE,0x53BE,
    0x53BE,0x53BE,0x53BE,0x53BE,0x53BE,0x53BE,0x53BE,0x53BE,0x53BE,0x53BE,0x53BE,0x53BE,
    0x53BE,0x53BE,0x53BE,0x53BE,0x53BE,0x53BE,0x53BE,0x53BE,0x53BE,0x53BE,0x53BE,0x53BE,
    0x53BE,0x53BE,0x53BE,0x53BE,0x53BE,0x53BE,0x53BE,0x53BE,0x53BE,0x53BE,0x53BE,0x53BE,
    0x53BE,0x53BE,0x53BE,0x53BE,0x53BE,0x53BE,0x53BE,0x53BE,0x53BE,0x53BE,0x53BE,0x53BE,
    0x53BE,0x53BE,0x53BE,0x53BE,0x53BE,0x53BE,0x53BE,0x53BE,0x53BE,0x53BE,0x53BE,0x53BE,
    0x3A5C,0x3A5C,0x20C8,0x20C8,0x3A5C,0x3A5C,0x3A5C,0x3A5C,0x3A5C,0x3A5C,0x3A5C,0x20C8,
    0x3A5C,0x3A5C,0x3A5C,0x3A5C,0x20C8,0x20C8,0x53BE,0x2D94,0x2D94,0x2D94,0x2D94,0x2D94,
    0x2D94,0x2D94,0x2D94,0x2D94,0x2D94,0x2D94,0x2D94,0x53BE,0x3A5C,0x3A5C,0x53BE,0x3A5C,
    0x3A5C,0x53BE,0x3A5C,0x53BE,0x53BE,0x3A5C,0x3A5C,0x3A5C,0x53BE,0x3A5C,0x53BE,0x3A5C,
    0x3A5C,0x3A5C,0x3A5C,0x3A5C,0x3A5C,0x3A5C,0x3A5C,0x3A5C,0x20C8,0x20C8,0x20C8,0x20C8,
    0x3A5C,0x3A5C,0x3A5C,0x3A5C,0x3A5C,0x3A5C,0x53BE,0x53BE,0x53BE,0x53BE,0x53BE,0x53BE,
    0x53BE,0x53BE,0x53BE,0x53BE,0x53BE,0x53BE,0x53BE,0x53BE,0x53BE,0x53BE,0x53BE,0x53BE,
    0x53BE,0x53BE,0x53BE,0x53BE,0x53BE,0x53BE,0x53BE,0x53BE,0x53BE,0x53BE,0x53BE,0x53BE,
    0x53BE,0x53BE,0x53BE,0x53BE,0x53BE,0x53BE,0x53BE,0x53BE,0x53BE,0x53BE,0x53BE,0x53BE,
    0x53BE,0x53BE,0x53BE,0x53BE,0x53BE,0x53BE,0x53BE,0x53BE,0x53BE,0x53BE,0x0000,0x0000,
    0x0000,0x53BE,0x53BE,0x53BE,0x53BE,0x53BE,0x53BE,0x53BE,0x53BE,0x53BE,0x53BE,0x53BE,
    0x53BE,0x53BE,0x53BE,0x53BE,0x53BE,0x53BE,0x53BE,0x53BE,0x53BE,0x53BE,0x53BE,0x53BE,
    0x53BE,0x53BE,0x53BE,0x53BE,0x53BE,0x53BE,0x53BE,0x53BE,0x53BE,0x53BE,0x53BE,0x53BE,
    0x53BE,0x53BE,0x53BE,0x53BE,0x53BE,0x53BE,0x53BE,0x53BE,0x53BE,0x53BE,0x53BE,0x53BE,
    0x53BE,0x53BE,0x53BE,0x53BE,0x53BE,0x53BE,0x53BE,0x53BE,0x53BE,0x53BE,0x53BE,0x53BE,
    0x53BE,0x53BE,0x53BE,0x53BE,0x53BE,0x53BE,0x53BE,0x53BE,0x53BE,0x53BE,0x53BE,0x53BE,
    0x53BE,0x53BE,0x53BE,0x53BE,0x53BE,0x53BE,0x53BE,0x53BE,0x53BE,0x53BE,0x53BE,0x53BE,
    0x53BE,0x53BE,0x53BE,0x53BE,0x53BE,0x53BE,0x53BE,0x53BE,0x53BE,0x53BE,0x53BE,0x53BE,
    0x53BE,0x53BE,0x53BE,0x53BE,0x53BE,0x53BE,0x53BE,0x53BE,0x53BE,0x53BE,0x53BE,0x53BE,
    0x53BE,0x53BE,0x53BE,0x53BE,0x53BE,0x53BE,0x53BE,0x53BE,0x53BE,0x53BE,0x53BE,0x53BE,
    0x3A5C,0x3A5C,0x3A5C,0x3A5C,0x20C8,0x20C8,0x20C8,0x20C8,0x3A5C,0x3A5C,0x3A5C,0x3A5C,
    0x3A5C,0x3A5C,0x3A5C,0x3A5C,0x3A5C,0x3A5C,0x20C8,0x53BE,0x53BE,0x2D94,0x2D94,0x2D94,
    0x2D94,0x2D94,0x2D94,0x2D94,0x2D94,0x2D94,0x2D94,0x2D94,0x53BE,0x3A5C,0x3A5C,0x3A5C,
    0x3A5C,0x3A5C,0x53BE,0x53BE,0x53BE,0x3A5C,0x3A5C,0x3A5C,0x53BE,0x3A5C,0x53BE,0x3A5C,
    0x3A5C,0x3A5C,0x3A5C,0x3A5C,0x3A5C,0x3A5C,0x3A5C,0x3A5C,0x3A5C,0x3A5C,0x20C8,0x20C8,
    0x3A5C,0x3A5C,0x3A5C,0x3A5C,0x3A5C,0x3A5C,0x3A5C,0x3A5C,0x3A5C,0x3A5C,0x53BE,0x53BE,
    0x53BE,0x53BE,0x53BE,0x53BE,0x53BE,0x53BE,0x53BE,0x53BE,0x53BE,0x53BE,0x53BE,0x53BE,
    0x53BE,0x53BE,0x53BE,0x53BE,0x53BE,0x53BE,0x53BE,0x53BE,0x53BE,0x53BE,0x53BE,0x53BE,
    0x53BE,0x53BE,0x53BE,0x53BE,0x53BE,0x53BE,0x53BE,0x53BE,0x53BE,0x53BE,0x53BE,0x53BE,
    0x53BE,0x53BE,0x53BE,0x53BE,0x53BE,0x53BE,0x53BE,0x53BE,0x53BE,0x53BE,0x53BE,0x53BE,
    0x53BE,0x53BE,0x0000,0x0000,0x0000,0x0000,0x53BE,0x53BE,0x53BE,0x53BE,0x53BE,0x53BE,
    0x53BE,0x53BE,0x53BE,0x53BE,0x53BE,0x53BE,0x53BE,0x53BE,0x53BE,0x53BE,0x53BE,0x53BE,
    0x53BE,0x53BE,0x53BE,0x53BE,0x53BE,0x53BE,0x53BE,0x53BE,0x53BE,0x53BE,0x53BE,0x53BE,
    0x53BE,0x53BE,0x53BE,0x53BE,0x53BE,0x53BE,0x53BE,0x53BE,0x53BE,0x53BE,0x53BE,0x53BE,
    0x53BE,0x53BE,0x53BE,0x53BE,0x53BE,0x53BE,0x53BE,0x53BE,0x53BE,0x53BE,0x53BE,0x53BE,
    0x53BE,0x53BE,0x53BE,0x53BE,0x53BE,0x53BE,0x53BE,0x53BE,0x53BE,0x53BE,0x53BE,0x53BE,
    0x53BE,0x53BE,0x53BE,0x53BE,0x53BE,0x53BE,0x53BE,0x53BE,0x53BE,0x53BE,0x53BE,0x53BE,
    0x53BE,0x53BE,0x53BE,0x53BE,0x53BE,0x53BE,0x53BE,0x53BE,0x53BE,0x53BE,0x53BE,0x53BE,
    0x53BE,0x53BE,0x53BE,0x53BE,0x53BE,0x53BE,0x53BE,0x53BE,0x53BE,0x53BE,0x53BE,0x53BE,
    0x53BE,0x53BE,0x53BE,0x53BE,0x53BE,0x53BE,0x53BE,0x53BE,0x53BE,0x53BE,0x53BE,0x53BE,
    0x3A5C,0x3A5C,0x3A5C,0x3A5C,0x3A5C,0x3A5C,0x3A5C,0x3A5C,0x20C8,0x20C8,0x20C8,0x3A5C,
    0x3A5C,0x53BE,0x3A5C,0x3A5C,0x3A5C,0x3A5C,0x3A5C,0x20C8,0x3A5C,0x53BE,0x2D94,0x2D94,
    0x2D94,0x2D94,0x2D94,0x2D94,0x2D94,0x2D94,0x2D94,0x53BE,0x53BE,0x53BE,0x3A5C,0x3A5C,
    0x3A5C,0x3A5C,0x3A5C,0x3A5C,0x53BE,0x53BE,0x53BE,0x53BE,0x53BE,0x53BE,0x53BE,0x3A5C,
    0x3A5C,0x3A5C,0x3A5C,0x3A5C,0x3A5C,0x3A5C,0x3A5C,0x3A5C,0x3A5C,0x3A5C,0x3A5C,0x3A5C,
    0x20C8,0x20C8,0x3A5C,0x3A5C,0x3A5C,0x20C8,0x20C8,0x3A5C,0x3A5C,0x3A5C,0x3A5C,0x3A5C,
    0x3A5C,0x3A5C,0x53BE,0x53BE,0x53BE,0x53BE,0x53BE,0x53BE,0x53BE,0x53BE,0x53BE,0x53BE,
    0x53BE,0x53BE,0x53BE,0x53BE,0x53BE,0x53BE,0x53BE,0x53BE,0x53BE,0x53BE,0x53BE,0x53BE,
    0x53BE,0x53BE,0x53BE,0x53BE,0x53BE,0x53BE,0x53BE,0x53BE,0x53BE,0x53BE,0x53BE,0x53BE,
    0x53BE,0x53BE,0x53BE,0x53BE,0x53BE,0x53BE,0x53BE,0x53BE,0x53BE,0x53BE,0x53BE,0x53BE,
    0x53BE,0x53BE,0x53BE,0x53BE,0x53BE,0x53BE,0x0000,0x0000,0x0000,0x53BE,0x53BE,0x53BE,
    0x53BE,0x53BE,0x53BE,0x53BE,0x53BE,0x53BE,0x53BE,0x53BE,0x53BE,0x53BE,0x53BE,0x53BE,
    0x53BE,0x53BE,0x53BE,0x53BE,0x53BE,0x53BE,0x53BE,0x53BE,0x53BE,0x53BE,0x53BE,0x53BE,
    0x53BE,0x53BE,0x53BE,0x53BE,0x53BE,0x53BE,0x53BE,0x53BE,0x53BE,0x53BE,0x53BE,0x53BE,
    0x53BE,0x53BE,0x53BE,0x53BE,0x53BE,0x53BE,0x53BE,0x53BE,0x53BE,0x53BE,0x53BE,0x53BE,
    0x53BE,0x53BE,0x53BE,0x53BE,0x53BE,0x53BE,0x53BE,0x53BE,0x53BE,0x53BE,0x53BE,0x53BE,
    0x53BE,0x53BE,0x53BE,0x53BE,0x53BE,0x53BE,0x53BE,0x53BE,0x53BE,0x53BE,0x53BE,0x53BE,
    0x53BE,0x53BE,0x53BE,0x53BE,0x53BE,0x53BE,0x53BE,0x53BE,0x53BE,0x53BE,0x53BE,0x53BE,
    0x53BE,0x53BE,0x53BE,0x53BE,0x53BE,0x53BE,0x53BE,0x53BE,0x53BE,0x53BE,0x53BE,0x53BE,
    0x53BE,0x53BE,0x53BE,0x53BE,0x53BE,0x53BE,0x53BE,0x53BE,0x53BE,0x53BE,0x53BE,0x53BE,
    0x3A5C,0x3A5C,0x3A5C,0x3A5C,0x20C8,0x20C8,0x20C8,0x20C8,0x3A5C,0x3A5C,0x3A5C,0x3A5C,
    0x3A5C,0x3A5C,0x53BE,0x53BE,0x3A5C,0x3A5C,0x53BE,0x3A5C,0x20C8,0x3A5C,0x53BE,0x53BE,
    0x53BE,0x2D94,0x2D94,0x2D94,0x2D94,0x2D94,0x53BE,0x53BE,0x3A5C,0x3A5C,0x53BE,0x3A5C,
    0x3A5C,0x3A5C,0x3A5C,0x3A5C,0x3A5C,0x3A5C,0x3A5C,0x3A5C,0x53BE,0x3A5C,0x53BE,0x3A5C,
    0x3A5C,0x3A5C,0x3A5C,0x3A5C,0x3A5C,0x3A5C,0x3A5C,0x3A5C,0x3A5C,0x3A5C,0x3A5C,0x3A5C,
    0x3A5C,0x3A5C,0x20C8,0x20C8,0x20C8,0x20C8,0x3A5C,0x20C8,0x20C8,0x20C8,0x3A5C,0x3A5C,
    0x3A5C,0x3A5C,0x3A5C,0x3A5C,0x53BE,0x53BE,0x53BE,0x53BE,0x53BE,0x53BE,0x53BE,0x53BE,
    0x53BE,0x53BE,0x53BE,0x53BE,0x53BE,0x53BE,0x53BE,0x53BE,0x53BE,0x53BE,0x53BE,0x53BE,
    0x53BE,0x53BE,0x53BE,0x53BE,0x53BE,0x53BE,0x53BE,0x53BE,0x53BE,0x53BE,0x53BE,0x53BE,
    0x53BE,0x53BE,0x53BE,0x53BE,0x53BE,0x53BE,0x53BE,0x53BE,0x53BE,0x53BE,0x53BE,0x53BE,
    0x53BE,0x53BE,0x53BE,0x53BE,0x53BE,0x53BE,0x53BE,0x53BE,0x53BE,0x0000,0x0000,0x0000,
    0x0000,0x0000,0x0000,0x53BE,0x53BE,0x53BE,0x53BE,0x53BE,0x53BE,0x53BE,0x53BE,0x53BE,
    0x53BE,0x53BE,0x53BE,0x53BE,0x53BE,0x53BE,0x53BE,0x53BE,0x53BE,0x53BE,0x53BE,0x53BE,
    0x53BE,0x53BE,0x53BE,0x53BE,0x53BE,0x53BE,0x53BE,0x53BE,0x53BE,0x53BE,0x53BE,0x53BE,
    0x53BE,0x53BE,0x53BE,0x53BE,0x53BE,0x53BE,0x53BE,0x53BE,0x53BE,0x53BE,0x53BE,0x53BE,
    0x53BE,0x53BE,0x53BE,0x53BE,0x53BE,0x53BE,0x53BE,0x53BE,0x53BE,0x53BE,0x53BE,0x53BE,
    0x53BE,0x53BE,0x53BE,0x53BE,0x53BE,0x53BE,0x53BE,0x53BE,0x53BE,0x53BE,0x53BE,0x53BE,
    0x53BE,0x53BE,0x53BE,0x53BE,0x53BE,0x53BE,0x53BE,0x53BE,0x53BE,0x53BE,0x53BE,0x53BE,
    0x53BE,0x53BE,0x53BE,0x53BE,0x53BE,0x53BE,0x53BE,0x53BE,0x53BE,0x53BE,0x53BE,0x53BE,
    0x53BE,0x53BE,0x53BE,0x53BE,0x53BE,0x53BE,0x53BE,0x53BE,0x53BE,0x53BE,0x53BE,0x53BE,
    0x3A5C,0x3A5C,0x3A5C,0x3A5C,0x3A5C,0x3A5C,0x3A5C,0x3A5C,0x3A5C,0x3A5C,0x3A5C,0x3A5C,
    0x3A5C,0x3A5C,0x20C8,0x3A5C,0x53BE,0x53BE,0x53BE,0x53BE,0x53BE,0x20C8,0x3A5C,0x3A5C,
    0x3A5C,0x53BE,0x2D94,0x2D94,0x2D94,0x2D94,0x2D94,0x2D94,0x53BE,0x3A5C,0x3A5C,0x3A5C,
    0x3A5C,0x3A5C,0x3A5C,0x3A5C,0x3A5C,0x3A5C,0x3A5C,0x3A5C,0x53BE,0x3A5C,0x3A5C,0x53BE,
    0x3A5C,0x3A5C,0x3A5C,0x3A5C,0x3A5C,0x3A5C,0x3A5C,0x3A5C,0x3A5C,0x3A5C,0x3A5C,0x3A5C,
    0x3A5C,0x3A5C,0x3A5C,0x3A5C,0x3A5C,0x3A5C,0x20C8,0x20C8,0x20C8,0x20C8,0x20C8,0x20C8,
    0x20C8,0x20C8,0x20C8,0x20C8,0x3A5C,0x3A5C,0x53BE,0x53BE,0x53BE,0x53BE,0x53BE,0x53BE,
    0x53BE,0x53BE,0x53BE,0x53BE,0x53BE,0x53BE,0x53BE,0x53BE,0x53BE,0x53BE,0x53BE,0x53BE,
    0x53BE,0x53BE,0x53BE,0x53BE,0x53BE,0x53BE,0x53BE,0x53BE,0x53BE,0x53BE,0x53BE,0x53BE,
    0x53BE,0x53BE,0x53BE,0x53BE,0x53BE,0x53BE,0x53BE,0x53BE,0x53BE,0x53BE,0x53BE,0x53BE,
    0x53BE,0x53BE,0x53BE,0x53BE,0x53BE,0x53BE,0x53BE,0x53BE,0x53BE,0x53BE,0x53BE,0x53BE,
    0x53BE,0x53BE,0x53BE,0x0000,0x0000,0x0000,0x0000,0x53BE,0x53BE,0x53BE,0x53BE,0x53BE,
    0x53BE,0x53BE,0x53BE,0x53BE,0x53BE,0x53BE,0x53BE,0x53BE,0x53BE,0x53BE,0x53BE,0x53BE,
    0x53BE,0x53BE,0x53BE,0x53BE,0x53BE,0x53BE,0x53BE,0x53BE,0x53BE,0x53BE,0x53BE,0x53BE,
    0x53BE,0x53BE,0x53BE,0x53BE,0x53BE,0x53BE,0x53BE,0x53BE,0x53BE,0x53BE,0x53BE,0x53BE,
    0x53BE,0x53BE,0x53BE,0x53BE,0x53BE,0x53BE,0x53BE,0x53BE,0x53BE,0x53BE,0x53BE,0x53BE,
    0x53BE,0x53BE,0x53BE,0x53BE,0x53BE,0x53BE,0x53BE,0x53BE,0x53BE,0x53BE,0x53BE,0x53BE,
    0x53BE,0x53BE,0x53BE,0x53BE,0x53BE,0x53BE,0x53BE,0x53BE,0x53BE,0x53BE,0x53BE,0x53BE,
    0x53BE,0x53BE,0x53BE,0x53BE,0x53BE,0x53BE,0x53BE,0x53BE,0x53BE,0x53BE,0x53BE,0x53BE,
    0x53BE,0x53BE,0x53BE,0x53BE,0x53BE,0x53BE,0x53BE,0x53BE,0x53BE,0x53BE,0x53BE,0x53BE,
    0x3A5C,0x3A5C,0x3A5C,0x3A5C,0x3A5C,0x20C8,0x20C8,0x20C8,0x3A5C,0x3A5C,0x3A5C,0x3A5C,
    0x3A5C,0x3A5C,0x53BE,0x53BE,0x20C8,0x20C8,0x20C8,0x3A5C,0x53BE,0x53BE,0x20C8,0x3A5C,
    0x3A5C,0x3A5C,0x53BE,0x53BE,0x2D94,0x2D94,0x2D94,0x2D94,0x2D94,0x53BE,0x3A5C,0x3A5C,
    0x3A5C,0x3A5C,0x3A5C,0x3A5C,0x3A5C,0x3A5C,0x3A5C,0x3A5C,0x3A5C,0x3A5C,0x3A5C,0x3A5C,
    0x53BE,0x53BE,0x53BE,0x53BE,0x53BE,0x3A5C,0x3A5C,0x3A5C,0x3A5C,0x3A5C,0x3A5C,0x3A5C,
    0x3A5C,0x3A5C,0x3A5C,0x3A5C,0x3A5C,0x3A5C,0x3A5C,0x3A5C,0x3A5C,0x3A5C,0x20C8,0x20C8,
    0x20C8,0x3A5C,0x3A5C,0x3A5C,0x20C8,0x20C8,0x20C8,0x3A5C,0x53BE,0x53BE,0x53BE,0x53BE,
    0x53BE,0x53BE,0x53BE,0x53BE,0x53BE,0x53BE,0x53BE,0x53BE,0x53BE,0x53BE,0x53BE,0x53BE,
    0x53BE,0x53BE,0x53BE,0x53BE,0x53BE,0x53BE,0x53BE,0x53BE,0x53BE,0x53BE,0x53BE,0x53BE,
    0x53BE,0x53BE,0x53BE,0x53BE,0x53BE,0x53BE,0x53BE,0x53BE,0x53BE,0x53BE,0x53BE,0x53BE,
    0x53BE,0x53BE,0x53BE,0x53BE,0x53BE,0x53BE,0x53BE,0x53BE,0x53BE,0x53BE,0x53BE,0x53BE,
    0x53BE,0x53BE,0x53BE,0x53BE,0x53BE,0x53BE,0x53BE,0x53BE,0x0000,0x0000,0x0000,0x0000,
    0x53BE,0x53BE,0x53BE,0x53BE,0x53BE,0x53BE,0x53BE,0x53BE,0x53BE,0x53BE,0x53BE,0x53BE,
    0x53BE,0x53BE,0x53BE,0x53BE,0x53BE,0x53BE,0x53BE,0x53BE,0x53BE,0x53BE,0x53BE,0x53BE,
    0x53BE,0x53BE,0x53BE,0x53BE,0x53BE,0x53BE,0x53BE,0x53BE,0x53BE,0x53BE,0x53BE,0x53BE,
    0x53BE,0x53BE,0x53BE,0x53BE,0x53BE,0x53BE,0x53BE,0x53BE,0x53BE,0x53BE,0x53BE,0x53BE,
    0x53BE,0x53BE,0x53BE,0x53BE,0x53BE,0x53BE,0x53BE,0x53BE,0x53BE,0x53BE,0x53BE,0x53BE,
    0x53BE,0x53BE,0x53BE,0x53BE,0x53BE,0x53BE,0x53BE,0x53BE,0x53BE,0x53BE,0x53BE,0x53BE,
    0x53BE,0x53BE,0x53BE,0x53BE,0x53BE,0x53BE,0x53BE,0x53BE,0x53BE,0x53BE,0x53BE,0x53BE,
    0x53BE,0x53BE,0x53BE,0x53BE,0x53BE,0x53BE,0x53BE,0x53BE,0x53BE,0x53BE,0x53BE,0x53BE,
    0x3A5C,0x3A5C,0x20C8,0x20C8,0x20C8,0x3A5C,0x3A5C,0x3A5C,0x3A5C,0x3A5C,0x53BE,0x53BE,
    0x53BE,0x53BE,0x3A5C,0x3A5C,0x20C8,0x20C8,0x20C8,0x20C8,0x20C8,0x20C8,0x20C8,0x20C8,
    0x20C8,0x20C8,0x20C8,0x0000,0x53BE,0x2D94,0x2D94,0x2D94,0x2D94,0x2D94,0x53BE,0x3A5C,
    0x3A5C,0x3A5C,0x3A5C,0x3A5C,0x3A5C,0x3A5C,0x3A5C,0x3A5C,0x3A5C,0x3A5C,0x3A5C,0x3A5C,
    0x3A5C,0x3A5C,0x53BE,0x53BE,0x3A5C,0x3A5C,0x3A5C,0x3A5C,0x3A5C,0x3A5C,0x3A5C,0x3A5C,
    0x3A5C,0x3A5C,0x3A5C,0x3A5C,0x3A5C,0x3A5C,0x3A5C,0x3A5C,0x3A5C,0x3A5C,0x3A5C,0x3A5C,
    0x3A5C,0x20C8,0x20C8,0x20C8,0x3A5C,0x3A5C,0x3A5C,0x20C8,0x20C8,0x20C8,0x20C8,0x53BE,
    0x53BE,0x53BE,0x53BE,0x53BE,0x53BE,0x53BE,0x53BE,0x53BE,0x53BE,0x53BE,0x53BE,0x53BE,
    0x53BE,0x53BE,0x53BE,0x53BE,0x53BE,0x53BE,0x53BE,0x53BE,0x53BE,0x53BE,0x53BE,0x53BE,
    0x53BE,0x53BE,0x53BE,0x53BE,0x53BE,0x53BE,0x53BE,0x53BE,0x53BE,0x53BE,0x53BE,0x53BE,
    0x53BE,0x53BE,0x53BE,0x53BE,0x53BE,0x53BE,0x53BE,0x53BE,0x53BE,0x53BE,0x53BE,0x53BE,
    0x53BE,0x53BE,0x53BE,0x53BE,0x53BE,0x53BE,0x53BE,0x53BE,0x53BE,0x53BE,0x53BE,0x53BE,
    0x0000,0x0000,0x0000,0x0000,0x53BE,0x53BE,0x53BE,0x53BE,0x53BE,0x53BE,0x53BE,0x53BE,
    0x53BE,0x53BE,0x53BE,0x53BE,0x53BE,0x53BE,0x53BE,0x53BE,0x53BE,0x53BE,0x53BE,0x53BE,
    0x53BE,0x53BE,0x53BE,0x53BE,0x53BE,0x53BE,0x53BE,0x53BE,0x53BE,0x53BE,0x53BE,0x53BE,
    0x53BE,0x53BE,0x53BE,0x53BE,0x53BE,0x53BE,0x53BE,0x53BE,0x53BE,0x53BE,0x53BE,0x53BE,
    0x53BE,0x53BE,0x53BE,0x53BE,0x53BE,0x53BE,0x53BE,0x53BE,0x53BE,0x53BE,0x53BE,0x53BE,
    0x53BE,0x53BE,0x53BE,0x53BE,0x53BE,0x53BE,0x53BE,0x53BE,0x53BE,0x53BE,0x53BE,0x53BE,
    0x53BE,0x53BE,0x53BE,0x53BE,0x53BE,0x53BE,0x53BE,0x53BE,0x53BE,0x53BE,0x53BE,0x53BE,
    0x53BE,0x53BE,0x53BE,0x53BE,0x53BE,0x53BE,0x53BE,0x53BE,0x53BE,0x53BE,0x53BE,0x53BE,
    0x20C8,0x20C8,0x3A5C,0x3A5C,0x3A5C,0x3A5C,0x53BE,0x53BE,0x53BE,0x53BE,0x53BE,0x53BE,
    0x53BE,0x20C8,0x20C8,0x20C8,0x20C8,0x20C8,0x20C8,0x20C8,0x3A5C,0x3A5C,0x20C8,0x20C8,
    0x20C8,0x3A5C,0x3A5C,0x20C8,0x0000,0x53BE,0x53BE,0x2D94,0x2D94,0x2D94,0x2D94,0x53BE,
    0x3A5C,0x3A5C,0x3A5C,0x3A5C,0x3A5C,0x3A5C,0x3A5C,0x3A5C,0x3A5C,0x3A5C,0x3A5C,0x53BE,
    0x53BE,0x53BE,0x3A5C,0x3A5C,0x3A5C,0x3A5C,0x3A5C,0x3A5C,0x3A5C,0x3A5C,0x3A5C,0x3A5C,
    0x3A5C,0x3A5C,0x3A5C,0x3A5C,0x3A5C,0x3A5C,0x3A5C,0x3A5C,0x3A5C,0x3A5C,0x3A5C,0x3A5C,
    0x3A5C,0x3A5C,0x3A5C,0x3A5C,0x20C8,0x20C8,0x20C8,0x3A5C,0x3A5C,0x3A5C,0x3A5C,0x20C8,
    0x20C8,0x20C8,0x20C8,0x53BE,0x53BE,0x53BE,0x53BE,0x53BE,0x53BE,0x53BE,0x53BE,0x53BE,
    0x53BE,0x53BE,0x53BE,0x53BE,0x53BE,0x53BE,0x53BE,0x53BE,0x53BE,0x53BE,0x53BE,0x53BE,
    0x53BE,0x53BE,0x53BE,0x53BE,0x53BE,0x53BE,0x53BE,0x53BE,0x53BE,0x53BE,0x53BE,0x53BE,
    0x53BE,0x53BE,0x53BE,0x53BE,0x53BE,0x53BE,0x53BE,0x53BE,0x53BE,0x53BE,0x53BE,0x53BE,
    0x53BE,0x53BE,0x53BE,0x53BE,0x53BE,0x53BE,0x53BE,0x53BE,0x53BE,0x53BE,0x53BE,0x53BE,
    0x53BE,0x53BE,0x53BE,0x53BE,0x53BE,0x0000,0x0000,0x0000,0x0000,0x53BE,0x53BE,0x53BE,
    0x53BE,0x53BE,0x53BE,0x53BE,0x53BE,0x53BE,0x53BE,0x53BE,0x53BE,0x53BE,0x53BE,0x53BE,
    0x53BE,0x53BE,0x53BE,0x53BE,0x53BE,0x53BE,0x53BE,0x53BE,0x53BE,0x53BE,0x53BE,0x53BE,
    0x53BE,0x53BE,0x53BE,0x53BE,0x53BE,0x53BE,0x53BE,0x53BE,0x53BE,0x53BE,0x53BE,0x53BE,
    0x53BE,0x53BE,0x53BE,0x53BE,0x53BE,0x53BE,0x53BE,0x53BE,0x53BE,0x53BE,0x53BE,0x53BE,
    0x53BE,0x53BE,0x53BE,0x53BE,0x53BE,0x53BE,0x53BE,0x53BE,0x53BE,0x53BE,0x53BE,0x53BE,
    0x53BE,0x53BE,0x53BE,0x53BE,0x53BE,0x53BE,0x53BE,0x53BE,0x53BE,0x53BE,0x53BE,0x53BE,
    0x53BE,0x53BE,0x53BE,0x53BE,0x53BE,0x53BE,0x53BE,0x53BE,0x53BE,0x53BE,0x53BE,0x53BE,
    0x3A5C,0x3A5C,0x3A5C,0x3A5C,0x3A5C,0x3A5C,0x20C8,0x20C8,0x20C8,0x20C8,0x20C8,0x20C8,
    0x20C8,0x3A5C,0x3A5C,0x20C8,0x20C8,0x3A5C,0x53BE,0x3A5C,0x3A5C,0x3A5C,0x3A5C,0x3A5C,
    0x3A5C,0x20C8,0x20C8,0x20C8,0x20C8,0x20C8,0x0000,0x53BE,0x2D94,0x2D94,0x2D94,0x2D94,
    0x53BE,0x3A5C,0x3A5C,0x3A5C,0x3A5C,0x3A5C,0x3A5C,0x3A5C,0x3A5C,0x53BE,0x53BE,0x3A5C,
    0x3A5C,0x3A5C,0x3A5C,0x3A5C,0x3A5C,0x3A5C,0x3A5C,0x3A5C,0x53BE,0x3A5C,0x3A5C,0x3A5C,
    0x3A5C,0x3A5C,0x3A5C,0x3A5C,0x3A5C,0x3A5C,0x3A5C,0x3A5C,0x3A5C,0x3A5C,0x3A5C,0x3A5C,
    0x3A5C,0x3A5C,0x3A5C,0x3A5C,0x3A5C,0x3A5C,0x3A5C,0x53BE,0x3A5C,0x3A5C,0x3A5C,0x3A5C,
    0x3A5C,0x3A5C,0x3A5C,0x20C8,0x20C8,0x20C8,0x20C8,0x53BE,0x53BE,0x53BE,0x53BE,0x53BE,
    0x53BE,0x53BE,0x53BE,0x53BE,0x53BE,0x53BE,0x53BE,0x53BE,0x53BE,0x53BE,0x53BE,0x53BE,
    0x53BE,0x53BE,0x53BE,0x53BE,0x53BE,0x53BE,0x53BE,0x53BE,0x53BE,0x53BE,0x53BE,0x53BE,
    0x53BE,0x53BE,0x53BE,0x53BE,0x53BE,0x53BE,0x53BE,0x53BE,0x53BE,0x53BE,0x53BE,0x53BE,
    0x53BE,0x53BE,0x53BE,0x53BE,0x53BE,0x53BE,0x53BE,0x53BE,0x53BE,0x53BE,0x53BE,0x53BE,
    0x53BE,0x53BE,0x53BE,0x53BE,0x53BE,0x53BE,0x53BE,0x53BE,0x53BE,0x53BE,0x0000,0x0000,
    0x0000,0x53BE,0x53BE,0x53BE,0x53BE,0x53BE,0x53BE,0x53BE,0x53BE,0x53BE,0x53BE,0x53BE,
    0x53BE,0x53BE,0x53BE,0x53BE,0x53BE,0x53BE,0x53BE,0x53BE,0x53BE,0x53BE,0x53BE,0x53BE,
    0x53BE,0x53BE,0x53BE,0x53BE,0x53BE,0x53BE,0x53BE,0x53BE,0x53BE,0x53BE,0x53BE,0x53BE,
    0x53BE,0x53BE,0x53BE,0x53BE,0x53BE,0x53BE,0x53BE,0x53BE,0x53BE,0x53BE,0x53BE,0x53BE,
    0x53BE,0x53BE,0x53BE,0x53BE,0x53BE,0x53BE,0x53BE,0x53BE,0x53BE,0x53BE,0x53BE,0x53BE,
    0x53BE,0x53BE,0x53BE,0x53BE,0x53BE,0x53BE,0x53BE,0x53BE,0x53BE,0x53BE,0x53BE,0x53BE,
    0x53BE,0x53BE,0x53BE,0x53BE,0x53BE,0x53BE,0x53BE,0x53BE,0x53BE,0x53BE,0x53BE,0x53BE,
    0x3A5C,0x3A5C,0x3A5C,0x20C8,0x20C8,0x20C8,0x3A5C,0x3A5C,0x3A5C,0x3A5C,0x3A5C,0x3A5C,
    0x20C8,0x20C8,0x20C8,0x3A5C,0x3A5C,0x3A5C,0x53BE,0x3A5C,0x3A5C,0x3A5C,0x3A5C,0x3A5C,
    0x3A5C,0x3A5C,0x3A5C,0x3A5C,0x3A5C,0x20C8,0x20C8,0x20C8,0x53BE,0x53BE,0x2D94,0x2D94,
    0x2D94,0x53BE,0x53BE,0x3A5C,0x3A5C,0x3A5C,0x3A5C,0x20C8,0x20C8,0x53BE,0x3A5C,0x3A5C,
    0x3A5C,0x3A5C,0x3A5C,0x3A5C,0x3A5C,0x3A5C,0x3A5C,0x3A5C,0x3A5C,0x53BE,0x53BE,0x53BE,
    0x3A5C,0x3A5C,0x3A5C,0x3A5C,0x3A5C,0x3A5C,0x3A5C,0x3A5C,0x3A5C,0x3A5C,0x3A5C,0x3A5C,
    0x3A5C,0x3A5C,0x3A5C,0x3A5C,0x3A5C,0x3A5C,0x3A5C,0x3A5C,0x53BE,0x53BE,0x3A5C,0x3A5C,
    0x3A5C,0x3A5C,0x3A5C,0x3A5C,0x3A5C,0x3A5C,0x53BE,0x20C8,0x20C8,0x20C8,0x20C8,0x20C8,
    0x53BE,0x53BE,0x53BE,0x53BE,0x53BE,0x53BE,0x53BE,0x53BE,0x53BE,0x53BE,0x53BE,0x53BE,
    0x53BE,0x53BE,0x53BE,0x53BE,0x53BE,0x53BE,0x53BE,0x53BE,0x53BE,0x53BE,0x53BE,0x53BE,
    0x53BE,0x53BE,0x53BE,0x53BE,0x53BE,0x53BE,0x53BE,0x53BE,0x53BE,0x53BE,0x53BE,0x53BE,
    0x53BE,0x53BE,0x53BE,0x53BE,0x53BE,0x53BE,0x53BE,0x53BE,0x53BE,0x53BE,0x53BE,0x53BE,
    0x53BE,0x53BE,0x53BE,0x53BE,0x53BE,0x53BE,0x53BE,0x53BE,0x53BE,0x53BE,0x53BE,0x53BE,
    0x53BE,0x53BE,0x53BE,0x53BE,0x0000,0x0000,0x0000,0x53BE,0x53BE,0x53BE,0x53BE,0x53BE,
    0x53BE,0x53BE,0x53BE,0x53BE,0x53BE,0x53BE,0x53BE,0x53BE,0x53BE,0x53BE,0x53BE,0x53BE,
    0x53BE,0x53BE,0x53BE,0x53BE,0x53BE,0x53BE,0x53BE,0x53BE,0x53BE,0x53BE,0x53BE,0x53BE,
    0x53BE,0x53BE,0x53BE,0x53BE,0x53BE,0x53BE,0x53BE,0x53BE,0x53BE,0x53BE,0x53BE,0x53BE,
    0x53BE,0x53BE,0x53BE,0x53BE,0x53BE,0x53BE,0x53BE,0x53BE,0x53BE,0x53BE,0x53BE,0x53BE,
    0x53BE,0x53BE,0x53BE,0x53BE,0x53BE,0x53BE,0x53BE,0x53BE,0x53BE,0x53BE,0x53BE,0x53BE,
    0x53BE,0x53BE,0x53BE,0x53BE,0x53BE,0x53BE,0x53BE,0x53BE,0x53BE,0x53BE,0x53BE,0x53BE,
    0x3A5C,0x3A5C,0x20C8,0x3A5C,0x3A5C,0x3A5C,0x3A5C,0x3A5C,0x20C8,0x20C8,0x20C8,0x20C8,
    0x3A5C,0x3A5C,0x3A5C,0x3A5C,0x3A5C,0x3A5C,0x3A5C,0x53BE,0x53BE,0x53BE,0x53BE,0x53BE,
    0x53BE,0x53BE,0x53BE,0x53BE,0x20C8,0x20C8,0x20C8,0x20C8,0x20C8,0x20C8,0x53BE,0x53BE,
    0x20C8,0x20C8,0x0000,0x20C8,0x3A5C,0x3A5C,0x3A5C,0x3A5C,0x3A5C,0x20C8,0x20C8,0x20C8,
    0x20C8,0x3A5C,0x3A5C,0x3A5C,0x3A5C,0x3A5C,0x3A5C,0x3A5C,0x3A5C,0x3A5C,0x3A5C,0x53BE,
    0x53BE,0x53BE,0x53BE,0x53BE,0x53BE,0x3A5C,0x3A5C,0x3A5C,0x3A5C,0x3A5C,0x3A5C,0x3A5C,
    0x3A5C,0x3A5C,0x3A5C,0x3A5C,0x3A5C,0x3A5C,0x3A5C,0x3A5C,0x3A5C,0x53BE,0x53BE,0x53BE,
    0x3A5C,0x3A5C,0x3A5C,0x3A5C,0x3A5C,0x3A5C,0x3A5C,0x3A5C,0x53BE,0x53BE,0x53BE,0x53BE,
    0x20C8,0x20C8,0x20C8,0x53BE,0x53BE,0x53BE,0x53BE,0x53BE,0x53BE,0x53BE,0x53BE,0x53BE,
    0x53BE,0x53BE,0x53BE,0x53BE,0x53BE,0x53BE,0x53BE,0x53BE,0x53BE,0x53BE,0x53BE,0x53BE,
    0x53BE,0x53BE,0x53BE,0x53BE,0x53BE,0x53BE,0x53BE,0x53BE,0x53BE,0x53BE,0x53BE,0x53BE,
    0x53BE,0x53BE,0x53BE,0x53BE,0x53BE,0x53BE,0x53BE,0x53BE,0x53BE,0x53BE,0x53BE,0x53BE,
    0x53BE,0x53BE,0x53BE,0x53BE,0x53BE,0x53BE,0x53BE,0x53BE,0x53BE,0x53BE,0x53BE,0x53BE,
    0x53BE,0x53BE,0x53BE,0x53BE,0x53BE,0x53BE,0x53BE,0x53BE,0x53BE,0x53BE,0x0000,0x0000,
    0x53BE,0x53BE,0x53BE,0x53BE,0x53BE,0x53BE,0x53BE,0x53BE,0x53BE,0x53BE,0x53BE,0x53BE,
    0x53BE,0x53BE,0x53BE,0x53BE,0x53BE,0x53BE,0x53BE,0x53BE,0x53BE,0x53BE,0x53BE,0x53BE,
    0x53BE,0x53BE,0x53BE,0x53BE,0x53BE,0x53BE,0x53BE,0x53BE,0x53BE,0x53BE,0x53BE,0x53BE,
    0x53BE,0x53BE,0x53BE,0x53BE,0x53BE,0x53BE,0x53BE,0x53BE,0x53BE,0x53BE,0x53BE,0x53BE,
    0x53BE,0x53BE,0x53BE,0x53BE,0x53BE,0x53BE,0x53BE,0x53BE,0x53BE,0x53BE,0x53BE,0x53BE,
    0x53BE,0x53BE,0x53BE,0x53BE,0x53BE,0x53BE,0x53BE,0x53BE,0x53BE,0x53BE,0x53BE,0x53BE,
    0x3A5C,0x3A5C,0x3A5C,0x3A5C,0x20C8,0x20C8,0x20C8,0x20C8,0x3A5C,0x3A5C,0x3A5C,0x3A5C,
    0x3A5C,0x3A5C,0x3A5C,0x3A5C,0x3A5C,0x3A5C,0x3A5C,0x3A5C,0x3A5C,0x3A5C,0x20C8,0x20C8,
    0x20C8,0x20C8,0x20C8,0x20C8,0x3A5C,0x3A5C,0x3A5C,0x20C8,0x3A5C,0x20C8,0x20C8,0x20C8,
    0x20C8,0x20C8,0x20C8,0x53BE,0x20C8,0x53BE,0x53BE,0x53BE,0x53BE,0x53BE,0x53BE,0x53BE,
    0x53BE,0x20C8,0x20C8,0x20C8,0x20C8,0x20C8,0x3A5C,0x3A5C,0x3A5C,0x3A5C,0x3A5C,0x3A5C,
    0x20C8,0x20C8,0x20C8,0x20C8,0x20C8,0x20C8,0x53BE,0x53BE,0x53BE,0x53BE,0x53BE,0x53BE,
    0x53BE,0x53BE,0x53BE,0x53BE,0x53BE,0x53BE,0x53BE,0x53BE,0x53BE,0x53BE,0x53BE,0x3A5C,
    0x53BE,0x53BE,0x53BE,0x3A5C,0x3A5C,0x3A5C,0x3A5C,0x3A5C,0x3A5C,0x53BE,0x53BE,0x53BE,
    0x53BE,0x53BE,0x53BE,0x20C8,0x20C8,0x20C8,0x20C8,0x53BE,0x53BE,0x53BE,0x53BE,0x53BE,
    0x53BE,0x53BE,0x53BE,0x53BE,0x53BE,0x53BE,0x53BE,0x53BE,0x53BE,0x53BE,0x53BE,0x53BE,
    0x53BE,0x53BE,0x53BE,0x53BE,0x53BE,0x53BE,0x53BE,0x53BE,0x53BE,0x53BE,0x53BE,0x53BE,
    0x53BE,0x53BE,0x53BE,0x53BE,0x53BE,0x53BE,0x53BE,0x53BE,0x53BE,0x53BE,0x53BE,0x53BE,
    0x53BE,0x53BE,0x53BE,0x53BE,0x53BE,0x53BE,0x53BE,0x53BE,0x53BE,0x53BE,0x53BE,0x53BE,
    0x53BE,0x53BE,0x53BE,0x53BE,0x53BE,0x53BE,0x53BE,0x53BE,0x53BE,0x53BE,0x53BE,0x53BE,
    0x53BE,0x53BE,0x0000,0x0000,0x53BE,0x53BE,0x53BE,0x53BE,0x53BE,0x53BE,0x53BE,0x53BE,
    0x53BE,0x53BE,0x53BE,0x53BE,0x53BE,0x53BE,0x53BE,0x53BE,0x53BE,0x53BE,0x53BE,0x53BE,
    0x53BE,0x53BE,0x53BE,0x53BE,0x53BE,0x53BE,0x53BE,0x53BE,0x53BE,0x53BE,0x53BE,0x53BE,
    0x53BE,0x53BE,0x53BE,0x53BE,0x53BE,0x53BE,0x53BE,0x53BE,0x53BE,0x53BE,0x53BE,0x53BE,
    0x53BE,0x53BE,0x53BE,0x53BE,0x53BE,0x53BE,0x53BE,0x53BE,0x53BE,0x53BE,0x53BE,0x53BE,
    0x53BE,0x53BE,0x53BE,0x53BE,0x53BE,0x53BE,0x53BE,0x53BE,0x53BE,0x53BE,0x53BE,0x53BE,
    0x3A5C,0x3A5C,0x3A5C,0x3A5C,0x3A5C,0x3A5C,0x3A5C,0x3A5C,0x3A5C,0x3A5C,0x3A5C,0x3A5C,
    0x3A5C,0x3A5C,0x3A5C,0x3A5C,0x3A5C,0x3A5C,0x3A5C,0x3A5C,0x3A5C,0x3A5C,0x3A5C,0x3A5C,
    0x3A5C,0x3A5C,0x3A5C,0x3A5C,0x3A5C,0x20C8,0x20C8,0x3A5C,0x3A5C,0x3A5C,0x3A5C,0x3A5C,
    0x3A5C,0x3A5C,0x20C8,0x20C8,0x20C8,0x20C8,0x20C8,0x3A5C,0x3A5C,0x3A5C,0x3A5C,0x3A5C,
    0x3A5C,0x3A5C,0x3A5C,0x3A5C,0x53BE,0x53BE,0x20C8,0x20C8,0x20C8,0x20C8,0x53BE,0x53BE,
    0x53BE,0x53BE,0x53BE,0x53BE,0x3A5C,0x3A5C,0x20C8,0x20C8,0x20C8,0x20C8,0x3A5C,0x3A5C,
    0x3A5C,0x3A5C,0x3A5C,0x3A5C,0x3A5C,0x3A5C,0x3A5C,0x3A5C,0x3A5C,0x3A5C,0x3A5C,0x3A5C,
    0x3A5C,0x3A5C,0x3A5C,0x53BE,0x53BE,0x53BE,0x53BE,0x53BE,0x3A5C,0x53BE,0x53BE,0x53BE,
    0x53BE,0x53BE,0x53BE,0x53BE,0x53BE,0x53BE,0x53BE,0x20C8,0x20C8,0x20C8,0x20C8,0x53BE,
    0x53BE,0x53BE,0x53BE,0x53BE,0x53BE,0x53BE,0x53BE,0x53BE,0x53BE,0x53BE,0x53BE,0x53BE,
    0x53BE,0x53BE,0x53BE,0x53BE,0x53BE,0x53BE,0x53BE,0x53BE,0x53BE,0x53BE,0x53BE,0x53BE,
    0x53BE,0x53BE,0x53BE,0x53BE,0x53BE,0x53BE,0x53BE,0x53BE,0x53BE,0x53BE,0x53BE,0x53BE,
    0x53BE,0x53BE,0x53BE,0x53BE,0x53BE,0x53BE,0x53BE,0x53BE,0x53BE,0x53BE,0x53BE,0x53BE,
    0x53BE,0x53BE,0x53BE,0x53BE,0x53BE,0x53BE,0x53BE,0x53BE,0x53BE,0x53BE,0x53BE,0x53BE,
    0x53BE,0x53BE,0x53BE,0x53BE,0x53BE,0x53BE,0x0000,0x0000,0x0000,0x53BE,0x53BE,0x53BE,
    0x53BE,0x53BE,0x53BE,0x53BE,0x53BE,0x53BE,0x53BE,0x53BE,0x53BE,0x53BE,0x53BE,0x53BE,
    0x53BE,0x53BE,0x53BE,0x53BE,0x53BE,0x53BE,0x53BE,0x53BE,0x53BE,0x53BE,0x53BE,0x53BE,
    0x53BE,0x53BE,0x53BE,0x53BE,0x53BE,0x53BE,0x53BE,0x53BE,0x53BE,0x53BE,0x53BE,0x53BE,
    0x53BE,0x53BE,0x53BE,0x53BE,0x53BE,0x53BE,0x53BE,0x53BE,0x53BE,0x53BE,0x53BE,0x53BE,
    0x53BE,0x53BE,0x53BE,0x53BE,0x53BE,0x53BE,0x53BE,0x53BE,0x53BE,0x53BE,0x53BE,0x53BE,
    0x3A5C,0x3A5C,0x3A5C,0x3A5C,0x3A5C,0x3A5C,0x3A5C,0x3A5C,0x3A5C,0x3A5C,0x3A5C,0x3A5C,
    0x3A5C,0x3A5C,0x3A5C,0x3A5C,0x3A5C,0x3A5C,0x3A5C,0x3A5C,0x3A5C,0x3A5C,0x3A5C,0x3A5C,
    0x3A5C,0x3A5C,0x20C8,0x20C8,0x20C8,0x3A5C,0x3A5C,0x3A5C,0x3A5C,0x3A5C,0x3A5C,0x3A5C,
    0x3A5C,0x3A5C,0x20C8,0x0000,0x0000,0x20C8,0x20C8,0x20C8,0x20C8,0x20C8,0x3A5C,0x3A5C,
    0x3A5C,0x3A5C,0x3A5C,0x3A5C,0x3A5C,0x3A5C,0x3A5C,0x3A5C,0x3A5C,0x3A5C,0x20C8,0x20C8,
    0x20C8,0x20C8,0x20C8,0x20C8,0x3A5C,0x3A5C,0x3A5C,0x3A5C,0x3A5C,0x3A5C,0x20C8,0x20C8,
    0x20C8,0x20C8,0x20C8,0x20C8,0x3A5C,0x3A5C,0x3A5C,0x3A5C,0x3A5C,0x3A5C,0x3A5C,0x3A5C,
    0x3A5C,0x3A5C,0x3A5C,0x3A5C,0x3A5C,0x3A5C,0x3A5C,0x3A5C,0x53BE,0x53BE,0x53BE,0x53BE,
    0x53BE,0x53BE,0x53BE,0x53BE,0x53BE,0x53BE,0x53BE,0x53BE,0x53BE,0x53BE,0x53BE,0x20C8,
    0x20C8,0x20C8,0x20C8,0x53BE,0x53BE,0x53BE,0x53BE,0x53BE,0x53BE,0x53BE,0x53BE,0x53BE,
    0x53BE,0x53BE,0x53BE,0x53BE,0x53BE,0x53BE,0x53BE,0x53BE,0x53BE,0x53BE,0x53BE,0x53BE,
    0x53BE,0x53BE,0x53BE,0x53BE,0x53BE,0x53BE,0x53BE,0x53BE,0x53BE,0x53BE,0x53BE,0x53BE,
    0x53BE,0x53BE,0x53BE,0x53BE,0x53BE,0x53BE,0x53BE,0x53BE,0x53BE,0x53BE,0x53BE,0x53BE,
    0x53BE,0x53BE,0x53BE,0x53BE,0x53BE,0x53BE,0x53BE,0x53BE,0x53BE,0x53BE,0x53BE,0x53BE,
    0x53BE,0x53BE,0x53BE,0x53BE,0x53BE,0x53BE,0x53BE,0x53BE,0x53BE,0x53BE,0x53BE,0x0000,
    0x53BE,0x53BE,0x53BE,0x53BE,0x53BE,0x53BE,0x53BE,0x53BE,0x53BE,0x53BE,0x53BE,0x53BE,
    0x53BE,0x53BE,0x53BE,0x53BE,0x53BE,0x53BE,0x53BE,0x53BE,0x53BE,0x53BE,0x53BE,0x53BE,
    0x53BE,0x53BE,0x53BE,0x53BE,0x53BE,0x53BE,0x53BE,0x53BE,0x53BE,0x53BE,0x53BE,0x53BE,
    0x53BE,0x53BE,0x53BE,0x53BE,0x53BE,0x53BE,0x53BE,0x53BE,0x53BE,0x53BE,0x53BE,0x53BE,
    0x53BE,0x53BE,0x53BE,0x53BE,0x53BE,0x53BE,0x53BE,0x53BE,0x53BE,0x53BE,0x53BE,0x53BE
};
